--
-- PostgreSQL database dump
--


-- Dumped from database version 17.8 (a48d9ca)
-- Dumped by pg_dump version 17.9

SET statement_timeout = 0;
SET lock_timeout = 0;
SET idle_in_transaction_session_timeout = 0;
SET transaction_timeout = 0;
SET client_encoding = 'UTF8';
SET standard_conforming_strings = on;
SELECT pg_catalog.set_config('search_path', '', false);
SET check_function_bodies = false;
SET xmloption = content;
SET client_min_messages = warning;
SET row_security = off;

--
-- Data for Name: characters; Type: TABLE DATA; Schema: public; Owner: -
--

INSERT INTO public.characters (id, name, icon_filename) VALUES (1, 'ワン次郎', 'ワン次郎.png');
INSERT INTO public.characters (id, name, icon_filename) VALUES (2, '未来', '未来.png');
INSERT INTO public.characters (id, name, icon_filename) VALUES (4, '福姫', '福姫.png');
INSERT INTO public.characters (id, name, icon_filename) VALUES (5, '陸八間アル', NULL);
INSERT INTO public.characters (id, name, icon_filename) VALUES (6, '三上千織', '三上千織.png');
INSERT INTO public.characters (id, name, icon_filename) VALUES (7, '一姫', '一姫.png');
INSERT INTO public.characters (id, name, icon_filename) VALUES (9, 'かぐや姫', 'かぐや姫.png');
INSERT INTO public.characters (id, name, icon_filename) VALUES (11, 'ミラ', NULL);
INSERT INTO public.characters (id, name, icon_filename) VALUES (12, '玖辻', '玖辻.png');
INSERT INTO public.characters (id, name, icon_filename) VALUES (14, '藤本キララ', '藤本キララ.png');
INSERT INTO public.characters (id, name, icon_filename) VALUES (15, '二之宮花', '二之宮花.png');
INSERT INTO public.characters (id, name, icon_filename) VALUES (16, '琳琅', '琳琅.png');
INSERT INTO public.characters (id, name, icon_filename) VALUES (17, '北原リリィ', '北原リリイ.png');
INSERT INTO public.characters (id, name, icon_filename) VALUES (18, 'セイバー', NULL);
INSERT INTO public.characters (id, name, icon_filename) VALUES (3, '篠原ミア', '篠原ミア.png');
INSERT INTO public.characters (id, name, icon_filename) VALUES (10, '東城玄音', '東城玄音.png');
INSERT INTO public.characters (id, name, icon_filename) VALUES (8, 'イヴ・クリス', 'イブクリス.png');
INSERT INTO public.characters (id, name, icon_filename) VALUES (13, '寺崎千穂理', '寺崎千穂理.png');
INSERT INTO public.characters (id, name, icon_filename) VALUES (19, '花語青', '花語青.png');


--
-- Data for Name: tournaments; Type: TABLE DATA; Schema: public; Owner: -
--

INSERT INTO public.tournaments (id, name, status, created_at) VALUES (1, '第1回 最強位戦', 'completed', '2026-03-27 09:30:42.122425');
INSERT INTO public.tournaments (id, name, status, created_at) VALUES (220, '卓作成テスト', 'in_progress', '2026-04-07 07:00:31.634455');
INSERT INTO public.tournaments (id, name, status, created_at) VALUES (40, 'あｓｄｆ', 'in_progress', '2026-04-06 09:39:29.36917');
INSERT INTO public.tournaments (id, name, status, created_at) VALUES (237, '20260408テスト2', 'in_progress', '2026-04-08 01:19:21.158724');
INSERT INTO public.tournaments (id, name, status, created_at) VALUES (451, '20260415', 'preparing', '2026-04-15 13:48:59.188665');
INSERT INTO public.tournaments (id, name, status, created_at) VALUES (268, '勝ち抜けテスト', 'in_progress', '2026-04-08 04:19:47.26891');
INSERT INTO public.tournaments (id, name, status, created_at) VALUES (111, '20260407テスト大会', 'preparing', '2026-04-07 02:28:48.510145');
INSERT INTO public.tournaments (id, name, status, created_at) VALUES (114, '20260407テスト大会２', 'preparing', '2026-04-07 02:31:57.512885');
INSERT INTO public.tournaments (id, name, status, created_at) VALUES (115, '20260407テスト大会３', 'preparing', '2026-04-07 02:34:02.467099');
INSERT INTO public.tournaments (id, name, status, created_at) VALUES (131, '20260407段位テスト', 'preparing', '2026-04-07 03:37:19.337468');
INSERT INTO public.tournaments (id, name, status, created_at) VALUES (329, '202604081634', 'preparing', '2026-04-08 07:34:36.901358');
INSERT INTO public.tournaments (id, name, status, created_at) VALUES (236, '20260408', 'completed', '2026-04-08 00:48:54.805092');
INSERT INTO public.tournaments (id, name, status, created_at) VALUES (330, '2026040816392', 'in_progress', '2026-04-08 07:39:07.852231');
INSERT INTO public.tournaments (id, name, status, created_at) VALUES (144, '20260407マスターズ１テスト', 'preparing', '2026-04-07 04:12:34.457917');
INSERT INTO public.tournaments (id, name, status, created_at) VALUES (269, '勝ち抜けテスト2', 'in_progress', '2026-04-08 04:23:36.923629');
INSERT INTO public.tournaments (id, name, status, created_at) VALUES (168, 'プチ２', 'completed', '2026-04-07 06:08:38.056506');
INSERT INTO public.tournaments (id, name, status, created_at) VALUES (148, '20260407プチ１', 'completed', '2026-04-07 04:22:20.965271');


--
-- Data for Name: interviews; Type: TABLE DATA; Schema: public; Owner: -
--

INSERT INTO public.interviews (id, tournament_id, sort_order, question, answer) VALUES (1, 148, 1, '1', '2');
INSERT INTO public.interviews (id, tournament_id, sort_order, question, answer) VALUES (2, 148, 2, '3', '4');
INSERT INTO public.interviews (id, tournament_id, sort_order, question, answer) VALUES (3, 148, 3, '5', '6');
INSERT INTO public.interviews (id, tournament_id, sort_order, question, answer) VALUES (4, 168, 1, '1111', '2222');
INSERT INTO public.interviews (id, tournament_id, sort_order, question, answer) VALUES (22, 236, 1, 'asdf', '1111');
INSERT INTO public.interviews (id, tournament_id, sort_order, question, answer) VALUES (23, 236, 2, '2222', '3333');
INSERT INTO public.interviews (id, tournament_id, sort_order, question, answer) VALUES (24, 236, 3, 'aaaaaaaaaaaaa', 'qwerasdfzxcv');
INSERT INTO public.interviews (id, tournament_id, sort_order, question, answer) VALUES (25, 1, 1, '大会全体を通して、ご自身の調子やツモの感触はどうでしたか？', '四人打ちにしてはいいところがよく入ったと思います。');
INSERT INTO public.interviews (id, tournament_id, sort_order, question, answer) VALUES (26, 1, 2, '大会前に密かに立てていた「テーマ」や「作戦」はありましたか？', '楽しく打てたらいいなぁって感じで特に作戦はありません。');
INSERT INTO public.interviews (id, tournament_id, sort_order, question, answer) VALUES (27, 1, 3, '今大会を通じて、ご自身の中で「MVP」と言える最高のアガリ（または最高のファインプレー）はどの局でしたか？', '決勝戦の親の時に清一色上がった時ですかね、、、配牌チートだったし思ってた所全部入って来ました、');
INSERT INTO public.interviews (id, tournament_id, sort_order, question, answer) VALUES (28, 1, 4, '逆に「あれは危なかった」、「実はあの時、手が震えていた」というヒヤッとした場面や、裏目に出た局はありましたか？', '特に無し');
INSERT INTO public.interviews (id, tournament_id, sort_order, question, answer) VALUES (29, 1, 5, '一番警戒していた、あるいは「こいつにだけは負けたくない」と思っていたプレイヤーは誰でしたか？', 'ミカさんですね！');
INSERT INTO public.interviews (id, tournament_id, sort_order, question, answer) VALUES (30, 1, 6, '今回の優勝賞品は、どのように使いたいですか？', '毎週水曜日会社にヤクルトさんくるのでそこで使います！
子供がよく飲むので。。。');
INSERT INTO public.interviews (id, tournament_id, sort_order, question, answer) VALUES (31, 1, 7, '他の参加者たちへ、チャンピオンから愛のあるメッセージ・アドバイスをお願いします！', '勝ち負けにこだわらず楽しく麻雀しましょう。');
INSERT INTO public.interviews (id, tournament_id, sort_order, question, answer) VALUES (32, 1, 8, '最後に、次回大会への意気込みをお願いします！', '討伐賞は誰にも渡しません！');


--
-- Data for Name: players; Type: TABLE DATA; Schema: public; Owner: -
--

INSERT INTO public.players (id, name, nickname, character_id) VALUES (172, 'test1234', 'test1234', 7);
INSERT INTO public.players (id, name, nickname, character_id) VALUES (173, '202604081', '202604081', 9);
INSERT INTO public.players (id, name, nickname, character_id) VALUES (174, '202604082', '202604082', 8);
INSERT INTO public.players (id, name, nickname, character_id) VALUES (1, 'ahaaaaaaaan', 'あはん', 3);
INSERT INTO public.players (id, name, nickname, character_id) VALUES (24, 'test1', 'test2', 9);
INSERT INTO public.players (id, name, nickname, character_id) VALUES (25, 'test2', 'test2', 7);
INSERT INTO public.players (id, name, nickname, character_id) VALUES (26, 'test3', 'test3', 9);
INSERT INTO public.players (id, name, nickname, character_id) VALUES (2, 'janwich', 'ミカ', 17);
INSERT INTO public.players (id, name, nickname, character_id) VALUES (3, 'がちゃむん', 'がちゃむん', 6);
INSERT INTO public.players (id, name, nickname, character_id) VALUES (4, 'ホロ・ホロ', 'ホロホロ', 15);
INSERT INTO public.players (id, name, nickname, character_id) VALUES (5, 'ぎり。', 'ぎり', 4);
INSERT INTO public.players (id, name, nickname, character_id) VALUES (6, 'DJc1ma', 'シーマ', 9);
INSERT INTO public.players (id, name, nickname, character_id) VALUES (7, 'みーた姫', 'みーた', 16);
INSERT INTO public.players (id, name, nickname, character_id) VALUES (8, 'millin_waltz', 'こいぬ', 8);
INSERT INTO public.players (id, name, nickname, character_id) VALUES (9, '天高馬肥', 'アキ', 2);
INSERT INTO public.players (id, name, nickname, character_id) VALUES (10, 'xするがx', 'するが', 10);
INSERT INTO public.players (id, name, nickname, character_id) VALUES (11, 'ぶりゅー3', 'ぶる', 14);
INSERT INTO public.players (id, name, nickname, character_id) VALUES (12, 'そぼろ丼', 'そぼろ', 11);
INSERT INTO public.players (id, name, nickname, character_id) VALUES (13, 'ぱーらめんこ', 'ぱーらめんこ', 13);
INSERT INTO public.players (id, name, nickname, character_id) VALUES (14, 'たべ田りあん', 'りあ', 18);
INSERT INTO public.players (id, name, nickname, character_id) VALUES (15, '青いけちゃっぷ', 'けちゃこ', 7);
INSERT INTO public.players (id, name, nickname, character_id) VALUES (16, 'あーすじゃ', 'あーす', 1);
INSERT INTO public.players (id, name, nickname, character_id) VALUES (17, 'がうさーん', 'がぞう', 5);
INSERT INTO public.players (id, name, nickname, character_id) VALUES (18, 'nagiya0211', 'なぎ', 12);
INSERT INTO public.players (id, name, nickname, character_id) VALUES (19, '梅おかか413', '梅ちゃん', 19);
INSERT INTO public.players (id, name, nickname, character_id) VALUES (20, 'jmas', 'イラチ', 4);


--
-- Data for Name: round_results; Type: TABLE DATA; Schema: public; Owner: -
--

INSERT INTO public.round_results (id, player_id, round_number, score, tournament_id, game_number) VALUES (1, 1, 1, 82.5, 1, 1);
INSERT INTO public.round_results (id, player_id, round_number, score, tournament_id, game_number) VALUES (2, 2, 1, 22.3, 1, 1);
INSERT INTO public.round_results (id, player_id, round_number, score, tournament_id, game_number) VALUES (3, 3, 1, 51.9, 1, 1);
INSERT INTO public.round_results (id, player_id, round_number, score, tournament_id, game_number) VALUES (4, 4, 1, 10.9, 1, 1);
INSERT INTO public.round_results (id, player_id, round_number, score, tournament_id, game_number) VALUES (5, 5, 1, 10.2, 1, 1);
INSERT INTO public.round_results (id, player_id, round_number, score, tournament_id, game_number) VALUES (6, 6, 1, 51.7, 1, 1);
INSERT INTO public.round_results (id, player_id, round_number, score, tournament_id, game_number) VALUES (7, 7, 1, 26.9, 1, 1);
INSERT INTO public.round_results (id, player_id, round_number, score, tournament_id, game_number) VALUES (8, 8, 1, 40.3, 1, 1);
INSERT INTO public.round_results (id, player_id, round_number, score, tournament_id, game_number) VALUES (9, 9, 1, -16.1, 1, 1);
INSERT INTO public.round_results (id, player_id, round_number, score, tournament_id, game_number) VALUES (10, 10, 1, -44.4, 1, 1);
INSERT INTO public.round_results (id, player_id, round_number, score, tournament_id, game_number) VALUES (11, 11, 1, 11.9, 1, 1);
INSERT INTO public.round_results (id, player_id, round_number, score, tournament_id, game_number) VALUES (12, 12, 1, 12.2, 1, 1);
INSERT INTO public.round_results (id, player_id, round_number, score, tournament_id, game_number) VALUES (13, 13, 1, -63.7, 1, 1);
INSERT INTO public.round_results (id, player_id, round_number, score, tournament_id, game_number) VALUES (14, 14, 1, -6.5, 1, 1);
INSERT INTO public.round_results (id, player_id, round_number, score, tournament_id, game_number) VALUES (15, 15, 1, 1.1, 1, 1);
INSERT INTO public.round_results (id, player_id, round_number, score, tournament_id, game_number) VALUES (16, 16, 1, -72.8, 1, 1);
INSERT INTO public.round_results (id, player_id, round_number, score, tournament_id, game_number) VALUES (17, 17, 1, 28.7, 1, 1);
INSERT INTO public.round_results (id, player_id, round_number, score, tournament_id, game_number) VALUES (18, 18, 1, -76.0, 1, 1);
INSERT INTO public.round_results (id, player_id, round_number, score, tournament_id, game_number) VALUES (19, 19, 1, -22.0, 1, 1);
INSERT INTO public.round_results (id, player_id, round_number, score, tournament_id, game_number) VALUES (20, 20, 1, -49.1, 1, 1);
INSERT INTO public.round_results (id, player_id, round_number, score, tournament_id, game_number) VALUES (21, 1, 2, 18.8, 1, 1);
INSERT INTO public.round_results (id, player_id, round_number, score, tournament_id, game_number) VALUES (22, 2, 2, 54.6, 1, 1);
INSERT INTO public.round_results (id, player_id, round_number, score, tournament_id, game_number) VALUES (23, 3, 2, 24.9, 1, 1);
INSERT INTO public.round_results (id, player_id, round_number, score, tournament_id, game_number) VALUES (24, 4, 2, 43.4, 1, 1);
INSERT INTO public.round_results (id, player_id, round_number, score, tournament_id, game_number) VALUES (25, 5, 2, 58.5, 1, 1);
INSERT INTO public.round_results (id, player_id, round_number, score, tournament_id, game_number) VALUES (26, 6, 2, 2.3, 1, 1);
INSERT INTO public.round_results (id, player_id, round_number, score, tournament_id, game_number) VALUES (27, 7, 2, -10.3, 1, 1);
INSERT INTO public.round_results (id, player_id, round_number, score, tournament_id, game_number) VALUES (28, 9, 2, 37.3, 1, 1);
INSERT INTO public.round_results (id, player_id, round_number, score, tournament_id, game_number) VALUES (29, 10, 2, 10.0, 1, 1);
INSERT INTO public.round_results (id, player_id, round_number, score, tournament_id, game_number) VALUES (30, 11, 2, -34.6, 1, 1);
INSERT INTO public.round_results (id, player_id, round_number, score, tournament_id, game_number) VALUES (31, 12, 2, -39.6, 1, 1);
INSERT INTO public.round_results (id, player_id, round_number, score, tournament_id, game_number) VALUES (32, 14, 2, -33.3, 1, 1);
INSERT INTO public.round_results (id, player_id, round_number, score, tournament_id, game_number) VALUES (33, 15, 2, -72.3, 1, 1);
INSERT INTO public.round_results (id, player_id, round_number, score, tournament_id, game_number) VALUES (34, 17, 2, 3.8, 1, 1);
INSERT INTO public.round_results (id, player_id, round_number, score, tournament_id, game_number) VALUES (35, 19, 2, -58.4, 1, 1);
INSERT INTO public.round_results (id, player_id, round_number, score, tournament_id, game_number) VALUES (36, 20, 2, -4.3, 1, 1);
INSERT INTO public.round_results (id, player_id, round_number, score, tournament_id, game_number) VALUES (37, 1, 3, 29.1, 1, 1);
INSERT INTO public.round_results (id, player_id, round_number, score, tournament_id, game_number) VALUES (38, 2, 3, 41.1, 1, 1);
INSERT INTO public.round_results (id, player_id, round_number, score, tournament_id, game_number) VALUES (39, 3, 3, 37.5, 1, 1);
INSERT INTO public.round_results (id, player_id, round_number, score, tournament_id, game_number) VALUES (40, 4, 3, 48.6, 1, 1);
INSERT INTO public.round_results (id, player_id, round_number, score, tournament_id, game_number) VALUES (41, 5, 3, -12.2, 1, 1);
INSERT INTO public.round_results (id, player_id, round_number, score, tournament_id, game_number) VALUES (42, 6, 3, 1.5, 1, 1);
INSERT INTO public.round_results (id, player_id, round_number, score, tournament_id, game_number) VALUES (43, 7, 3, 31.2, 1, 1);
INSERT INTO public.round_results (id, player_id, round_number, score, tournament_id, game_number) VALUES (44, 9, 3, -21.9, 1, 1);
INSERT INTO public.round_results (id, player_id, round_number, score, tournament_id, game_number) VALUES (45, 10, 3, 33.2, 1, 1);
INSERT INTO public.round_results (id, player_id, round_number, score, tournament_id, game_number) VALUES (46, 14, 3, -28.2, 1, 1);
INSERT INTO public.round_results (id, player_id, round_number, score, tournament_id, game_number) VALUES (47, 17, 3, -105.5, 1, 1);
INSERT INTO public.round_results (id, player_id, round_number, score, tournament_id, game_number) VALUES (48, 20, 3, -54.4, 1, 1);
INSERT INTO public.round_results (id, player_id, round_number, score, tournament_id, game_number) VALUES (52, 4, 4, 68.3, 1, 1);
INSERT INTO public.round_results (id, player_id, round_number, score, tournament_id, game_number) VALUES (53, 10, 4, 64.5, 1, 1);
INSERT INTO public.round_results (id, player_id, round_number, score, tournament_id, game_number) VALUES (54, 3, 4, -58.5, 1, 1);
INSERT INTO public.round_results (id, player_id, round_number, score, tournament_id, game_number) VALUES (55, 2, 4, -74.3, 1, 1);
INSERT INTO public.round_results (id, player_id, round_number, score, tournament_id, game_number) VALUES (240, 4, 1, 46.0, 220, 1);
INSERT INTO public.round_results (id, player_id, round_number, score, tournament_id, game_number) VALUES (241, 13, 1, 7.5, 220, 1);
INSERT INTO public.round_results (id, player_id, round_number, score, tournament_id, game_number) VALUES (242, 15, 1, -37.7, 220, 1);
INSERT INTO public.round_results (id, player_id, round_number, score, tournament_id, game_number) VALUES (243, 1, 1, -15.8, 220, 1);
INSERT INTO public.round_results (id, player_id, round_number, score, tournament_id, game_number) VALUES (244, 2, 1, 49.9, 168, 1);
INSERT INTO public.round_results (id, player_id, round_number, score, tournament_id, game_number) VALUES (245, 3, 1, -42.8, 168, 1);
INSERT INTO public.round_results (id, player_id, round_number, score, tournament_id, game_number) VALUES (246, 10, 1, -14.5, 168, 1);
INSERT INTO public.round_results (id, player_id, round_number, score, tournament_id, game_number) VALUES (247, 11, 1, 7.4, 168, 1);
INSERT INTO public.round_results (id, player_id, round_number, score, tournament_id, game_number) VALUES (248, 6, 2, -22.4, 168, 1);
INSERT INTO public.round_results (id, player_id, round_number, score, tournament_id, game_number) VALUES (249, 2, 2, -35.1, 168, 1);
INSERT INTO public.round_results (id, player_id, round_number, score, tournament_id, game_number) VALUES (250, 11, 2, 0.1, 168, 1);
INSERT INTO public.round_results (id, player_id, round_number, score, tournament_id, game_number) VALUES (251, 7, 2, 57.4, 168, 1);
INSERT INTO public.round_results (id, player_id, round_number, score, tournament_id, game_number) VALUES (288, 3, 1, -34.5, 237, 1);
INSERT INTO public.round_results (id, player_id, round_number, score, tournament_id, game_number) VALUES (289, 11, 1, 5.9, 237, 1);
INSERT INTO public.round_results (id, player_id, round_number, score, tournament_id, game_number) VALUES (290, 6, 1, 48.6, 237, 1);
INSERT INTO public.round_results (id, player_id, round_number, score, tournament_id, game_number) VALUES (291, 10, 1, -20.0, 237, 1);
INSERT INTO public.round_results (id, player_id, round_number, score, tournament_id, game_number) VALUES (96, 6, 1, -35.4, 131, 1);
INSERT INTO public.round_results (id, player_id, round_number, score, tournament_id, game_number) VALUES (97, 1, 1, 43.6, 131, 1);
INSERT INTO public.round_results (id, player_id, round_number, score, tournament_id, game_number) VALUES (98, 20, 1, 8.5, 131, 1);
INSERT INTO public.round_results (id, player_id, round_number, score, tournament_id, game_number) VALUES (99, 19, 1, -16.7, 131, 1);
INSERT INTO public.round_results (id, player_id, round_number, score, tournament_id, game_number) VALUES (431, 5, 1, -30.5, 330, 1);
INSERT INTO public.round_results (id, player_id, round_number, score, tournament_id, game_number) VALUES (432, 12, 1, 44.1, 330, 1);
INSERT INTO public.round_results (id, player_id, round_number, score, tournament_id, game_number) VALUES (104, 9, 1, -24.8, 131, 1);
INSERT INTO public.round_results (id, player_id, round_number, score, tournament_id, game_number) VALUES (105, 7, 1, 51.4, 131, 1);
INSERT INTO public.round_results (id, player_id, round_number, score, tournament_id, game_number) VALUES (106, 5, 1, 9.4, 131, 1);
INSERT INTO public.round_results (id, player_id, round_number, score, tournament_id, game_number) VALUES (107, 2, 1, -36.0, 131, 1);
INSERT INTO public.round_results (id, player_id, round_number, score, tournament_id, game_number) VALUES (120, 4, 1, 41.3, 131, 1);
INSERT INTO public.round_results (id, player_id, round_number, score, tournament_id, game_number) VALUES (121, 13, 1, -34.4, 131, 1);
INSERT INTO public.round_results (id, player_id, round_number, score, tournament_id, game_number) VALUES (122, 15, 1, -17.5, 131, 1);
INSERT INTO public.round_results (id, player_id, round_number, score, tournament_id, game_number) VALUES (123, 11, 1, 10.6, 131, 1);
INSERT INTO public.round_results (id, player_id, round_number, score, tournament_id, game_number) VALUES (124, 3, 1, 6.8, 131, 1);
INSERT INTO public.round_results (id, player_id, round_number, score, tournament_id, game_number) VALUES (125, 18, 1, 49.4, 131, 1);
INSERT INTO public.round_results (id, player_id, round_number, score, tournament_id, game_number) VALUES (126, 10, 1, -14.2, 131, 1);
INSERT INTO public.round_results (id, player_id, round_number, score, tournament_id, game_number) VALUES (127, 16, 1, -42.0, 131, 1);
INSERT INTO public.round_results (id, player_id, round_number, score, tournament_id, game_number) VALUES (433, 10, 1, 6.4, 330, 1);
INSERT INTO public.round_results (id, player_id, round_number, score, tournament_id, game_number) VALUES (434, 16, 1, -20.0, 330, 1);
INSERT INTO public.round_results (id, player_id, round_number, score, tournament_id, game_number) VALUES (435, 5, 1, -37.0, 330, 2);
INSERT INTO public.round_results (id, player_id, round_number, score, tournament_id, game_number) VALUES (436, 12, 1, 9.8, 330, 2);
INSERT INTO public.round_results (id, player_id, round_number, score, tournament_id, game_number) VALUES (132, 20, 1, 11.5, 144, 1);
INSERT INTO public.round_results (id, player_id, round_number, score, tournament_id, game_number) VALUES (133, 3, 1, -24.9, 144, 1);
INSERT INTO public.round_results (id, player_id, round_number, score, tournament_id, game_number) VALUES (134, 7, 1, 50.8, 144, 1);
INSERT INTO public.round_results (id, player_id, round_number, score, tournament_id, game_number) VALUES (135, 4, 1, -37.4, 144, 1);
INSERT INTO public.round_results (id, player_id, round_number, score, tournament_id, game_number) VALUES (136, 11, 1, -41.2, 144, 1);
INSERT INTO public.round_results (id, player_id, round_number, score, tournament_id, game_number) VALUES (137, 16, 1, 11.5, 144, 1);
INSERT INTO public.round_results (id, player_id, round_number, score, tournament_id, game_number) VALUES (138, 2, 1, 44.7, 144, 1);
INSERT INTO public.round_results (id, player_id, round_number, score, tournament_id, game_number) VALUES (139, 19, 1, -15.0, 144, 1);
INSERT INTO public.round_results (id, player_id, round_number, score, tournament_id, game_number) VALUES (140, 5, 1, -13.8, 144, 1);
INSERT INTO public.round_results (id, player_id, round_number, score, tournament_id, game_number) VALUES (141, 9, 1, 39.3, 144, 1);
INSERT INTO public.round_results (id, player_id, round_number, score, tournament_id, game_number) VALUES (142, 6, 1, 8.4, 144, 1);
INSERT INTO public.round_results (id, player_id, round_number, score, tournament_id, game_number) VALUES (143, 15, 1, -33.9, 144, 1);
INSERT INTO public.round_results (id, player_id, round_number, score, tournament_id, game_number) VALUES (144, 1, 1, 7.9, 144, 1);
INSERT INTO public.round_results (id, player_id, round_number, score, tournament_id, game_number) VALUES (145, 18, 1, 48.9, 144, 1);
INSERT INTO public.round_results (id, player_id, round_number, score, tournament_id, game_number) VALUES (146, 10, 1, -40.9, 144, 1);
INSERT INTO public.round_results (id, player_id, round_number, score, tournament_id, game_number) VALUES (147, 13, 1, -15.9, 144, 1);
INSERT INTO public.round_results (id, player_id, round_number, score, tournament_id, game_number) VALUES (437, 10, 1, 49.0, 330, 2);
INSERT INTO public.round_results (id, player_id, round_number, score, tournament_id, game_number) VALUES (438, 16, 1, -21.8, 330, 2);
INSERT INTO public.round_results (id, player_id, round_number, score, tournament_id, game_number) VALUES (439, 25, 1, -29.9, 330, 1);
INSERT INTO public.round_results (id, player_id, round_number, score, tournament_id, game_number) VALUES (440, 26, 1, -16.6, 330, 1);
INSERT INTO public.round_results (id, player_id, round_number, score, tournament_id, game_number) VALUES (152, 9, 1, 9.3, 148, 1);
INSERT INTO public.round_results (id, player_id, round_number, score, tournament_id, game_number) VALUES (153, 18, 1, -14.8, 148, 1);
INSERT INTO public.round_results (id, player_id, round_number, score, tournament_id, game_number) VALUES (154, 7, 1, -37.1, 148, 1);
INSERT INTO public.round_results (id, player_id, round_number, score, tournament_id, game_number) VALUES (155, 20, 1, 42.6, 148, 1);
INSERT INTO public.round_results (id, player_id, round_number, score, tournament_id, game_number) VALUES (156, 16, 1, -35.7, 148, 1);
INSERT INTO public.round_results (id, player_id, round_number, score, tournament_id, game_number) VALUES (157, 13, 1, -25.1, 148, 1);
INSERT INTO public.round_results (id, player_id, round_number, score, tournament_id, game_number) VALUES (158, 11, 1, 46.5, 148, 1);
INSERT INTO public.round_results (id, player_id, round_number, score, tournament_id, game_number) VALUES (159, 15, 1, 14.3, 148, 1);
INSERT INTO public.round_results (id, player_id, round_number, score, tournament_id, game_number) VALUES (441, 174, 1, 42.0, 330, 1);
INSERT INTO public.round_results (id, player_id, round_number, score, tournament_id, game_number) VALUES (442, 172, 1, 4.5, 330, 1);
INSERT INTO public.round_results (id, player_id, round_number, score, tournament_id, game_number) VALUES (443, 25, 1, 7.3, 330, 2);
INSERT INTO public.round_results (id, player_id, round_number, score, tournament_id, game_number) VALUES (444, 26, 1, -33.5, 330, 2);
INSERT INTO public.round_results (id, player_id, round_number, score, tournament_id, game_number) VALUES (445, 174, 1, -14.1, 330, 2);
INSERT INTO public.round_results (id, player_id, round_number, score, tournament_id, game_number) VALUES (446, 172, 1, 40.3, 330, 2);
INSERT INTO public.round_results (id, player_id, round_number, score, tournament_id, game_number) VALUES (447, 24, 1, 51.1, 330, 1);
INSERT INTO public.round_results (id, player_id, round_number, score, tournament_id, game_number) VALUES (448, 20, 1, -19.0, 330, 1);
INSERT INTO public.round_results (id, player_id, round_number, score, tournament_id, game_number) VALUES (449, 1, 1, -36.8, 330, 1);
INSERT INTO public.round_results (id, player_id, round_number, score, tournament_id, game_number) VALUES (450, 6, 1, 4.7, 330, 1);
INSERT INTO public.round_results (id, player_id, round_number, score, tournament_id, game_number) VALUES (451, 24, 1, -13.8, 330, 2);
INSERT INTO public.round_results (id, player_id, round_number, score, tournament_id, game_number) VALUES (452, 20, 1, 12.2, 330, 2);
INSERT INTO public.round_results (id, player_id, round_number, score, tournament_id, game_number) VALUES (453, 1, 1, 45.4, 330, 2);
INSERT INTO public.round_results (id, player_id, round_number, score, tournament_id, game_number) VALUES (454, 6, 1, -43.8, 330, 2);
INSERT INTO public.round_results (id, player_id, round_number, score, tournament_id, game_number) VALUES (455, 17, 1, 47.2, 330, 1);
INSERT INTO public.round_results (id, player_id, round_number, score, tournament_id, game_number) VALUES (456, 11, 1, -34.2, 330, 1);
INSERT INTO public.round_results (id, player_id, round_number, score, tournament_id, game_number) VALUES (457, 15, 1, 9.9, 330, 1);
INSERT INTO public.round_results (id, player_id, round_number, score, tournament_id, game_number) VALUES (458, 4, 1, -22.9, 330, 1);
INSERT INTO public.round_results (id, player_id, round_number, score, tournament_id, game_number) VALUES (459, 17, 1, 8.8, 330, 2);
INSERT INTO public.round_results (id, player_id, round_number, score, tournament_id, game_number) VALUES (460, 11, 1, -24.4, 330, 2);
INSERT INTO public.round_results (id, player_id, round_number, score, tournament_id, game_number) VALUES (461, 15, 1, 51.6, 330, 2);
INSERT INTO public.round_results (id, player_id, round_number, score, tournament_id, game_number) VALUES (462, 4, 1, -36.0, 330, 2);
INSERT INTO public.round_results (id, player_id, round_number, score, tournament_id, game_number) VALUES (463, 9, 1, -42.5, 330, 1);
INSERT INTO public.round_results (id, player_id, round_number, score, tournament_id, game_number) VALUES (464, 8, 1, 47.2, 330, 1);
INSERT INTO public.round_results (id, player_id, round_number, score, tournament_id, game_number) VALUES (465, 19, 1, -17.3, 330, 1);
INSERT INTO public.round_results (id, player_id, round_number, score, tournament_id, game_number) VALUES (466, 3, 1, 12.6, 330, 1);
INSERT INTO public.round_results (id, player_id, round_number, score, tournament_id, game_number) VALUES (160, 8, 1, 8.4, 148, 1);
INSERT INTO public.round_results (id, player_id, round_number, score, tournament_id, game_number) VALUES (161, 5, 1, -39.2, 148, 1);
INSERT INTO public.round_results (id, player_id, round_number, score, tournament_id, game_number) VALUES (162, 2, 1, 43.6, 148, 1);
INSERT INTO public.round_results (id, player_id, round_number, score, tournament_id, game_number) VALUES (163, 6, 1, -12.8, 148, 1);
INSERT INTO public.round_results (id, player_id, round_number, score, tournament_id, game_number) VALUES (164, 4, 1, 8.6, 148, 1);
INSERT INTO public.round_results (id, player_id, round_number, score, tournament_id, game_number) VALUES (165, 3, 1, 40.6, 148, 1);
INSERT INTO public.round_results (id, player_id, round_number, score, tournament_id, game_number) VALUES (166, 1, 1, -11.7, 148, 1);
INSERT INTO public.round_results (id, player_id, round_number, score, tournament_id, game_number) VALUES (167, 19, 1, -37.5, 148, 1);
INSERT INTO public.round_results (id, player_id, round_number, score, tournament_id, game_number) VALUES (232, 13, 1, -43.8, 168, 1);
INSERT INTO public.round_results (id, player_id, round_number, score, tournament_id, game_number) VALUES (233, 7, 1, 14.4, 168, 1);
INSERT INTO public.round_results (id, player_id, round_number, score, tournament_id, game_number) VALUES (234, 6, 1, 48.8, 168, 1);
INSERT INTO public.round_results (id, player_id, round_number, score, tournament_id, game_number) VALUES (235, 20, 1, -19.4, 168, 1);
INSERT INTO public.round_results (id, player_id, round_number, score, tournament_id, game_number) VALUES (252, 6, 1, -36.4, 40, 1);
INSERT INTO public.round_results (id, player_id, round_number, score, tournament_id, game_number) VALUES (253, 1, 1, -25.1, 40, 1);
INSERT INTO public.round_results (id, player_id, round_number, score, tournament_id, game_number) VALUES (254, 2, 1, 8.6, 40, 1);
INSERT INTO public.round_results (id, player_id, round_number, score, tournament_id, game_number) VALUES (255, 20, 1, 52.9, 40, 1);
INSERT INTO public.round_results (id, player_id, round_number, score, tournament_id, game_number) VALUES (260, 20, 1, 14.3, 236, 1);
INSERT INTO public.round_results (id, player_id, round_number, score, tournament_id, game_number) VALUES (261, 1, 1, -40.6, 236, 1);
INSERT INTO public.round_results (id, player_id, round_number, score, tournament_id, game_number) VALUES (262, 3, 1, -19.6, 236, 1);
INSERT INTO public.round_results (id, player_id, round_number, score, tournament_id, game_number) VALUES (263, 8, 1, 45.9, 236, 1);
INSERT INTO public.round_results (id, player_id, round_number, score, tournament_id, game_number) VALUES (264, 6, 1, -32.8, 236, 1);
INSERT INTO public.round_results (id, player_id, round_number, score, tournament_id, game_number) VALUES (265, 18, 1, 39.2, 236, 1);
INSERT INTO public.round_results (id, player_id, round_number, score, tournament_id, game_number) VALUES (266, 2, 1, 7.4, 236, 1);
INSERT INTO public.round_results (id, player_id, round_number, score, tournament_id, game_number) VALUES (267, 10, 1, -13.8, 236, 1);
INSERT INTO public.round_results (id, player_id, round_number, score, tournament_id, game_number) VALUES (192, 15, 2, 44.1, 148, 1);
INSERT INTO public.round_results (id, player_id, round_number, score, tournament_id, game_number) VALUES (193, 4, 2, 10.1, 148, 1);
INSERT INTO public.round_results (id, player_id, round_number, score, tournament_id, game_number) VALUES (194, 20, 2, -19.4, 148, 1);
INSERT INTO public.round_results (id, player_id, round_number, score, tournament_id, game_number) VALUES (195, 8, 2, -34.8, 148, 1);
INSERT INTO public.round_results (id, player_id, round_number, score, tournament_id, game_number) VALUES (196, 11, 2, 3.1, 148, 1);
INSERT INTO public.round_results (id, player_id, round_number, score, tournament_id, game_number) VALUES (197, 9, 2, -25.2, 148, 1);
INSERT INTO public.round_results (id, player_id, round_number, score, tournament_id, game_number) VALUES (198, 3, 2, -39.1, 148, 1);
INSERT INTO public.round_results (id, player_id, round_number, score, tournament_id, game_number) VALUES (199, 2, 2, 61.2, 148, 1);
INSERT INTO public.round_results (id, player_id, round_number, score, tournament_id, game_number) VALUES (268, 2, 2, -37.6, 236, 1);
INSERT INTO public.round_results (id, player_id, round_number, score, tournament_id, game_number) VALUES (269, 20, 2, 10.1, 236, 1);
INSERT INTO public.round_results (id, player_id, round_number, score, tournament_id, game_number) VALUES (270, 8, 2, -16.0, 236, 1);
INSERT INTO public.round_results (id, player_id, round_number, score, tournament_id, game_number) VALUES (271, 18, 2, 43.5, 236, 1);
INSERT INTO public.round_results (id, player_id, round_number, score, tournament_id, game_number) VALUES (204, 2, 3, -35.0, 148, 1);
INSERT INTO public.round_results (id, player_id, round_number, score, tournament_id, game_number) VALUES (205, 11, 3, -18.9, 148, 1);
INSERT INTO public.round_results (id, player_id, round_number, score, tournament_id, game_number) VALUES (206, 4, 3, 2.5, 148, 1);
INSERT INTO public.round_results (id, player_id, round_number, score, tournament_id, game_number) VALUES (207, 15, 3, 51.4, 148, 1);
INSERT INTO public.round_results (id, player_id, round_number, score, tournament_id, game_number) VALUES (467, 9, 1, -34.7, 330, 2);
INSERT INTO public.round_results (id, player_id, round_number, score, tournament_id, game_number) VALUES (468, 8, 1, 41.7, 330, 2);
INSERT INTO public.round_results (id, player_id, round_number, score, tournament_id, game_number) VALUES (469, 19, 1, -15.1, 330, 2);
INSERT INTO public.round_results (id, player_id, round_number, score, tournament_id, game_number) VALUES (470, 3, 1, 8.1, 330, 2);
INSERT INTO public.round_results (id, player_id, round_number, score, tournament_id, game_number) VALUES (280, 20, 1, 13.1, 237, 1);
INSERT INTO public.round_results (id, player_id, round_number, score, tournament_id, game_number) VALUES (281, 13, 1, -46.3, 237, 1);
INSERT INTO public.round_results (id, player_id, round_number, score, tournament_id, game_number) VALUES (282, 2, 1, 46.9, 237, 1);
INSERT INTO public.round_results (id, player_id, round_number, score, tournament_id, game_number) VALUES (283, 1, 1, -13.7, 237, 1);
INSERT INTO public.round_results (id, player_id, round_number, score, tournament_id, game_number) VALUES (284, 20, 1, -32.8, 237, 2);
INSERT INTO public.round_results (id, player_id, round_number, score, tournament_id, game_number) VALUES (285, 13, 1, 4.5, 237, 2);
INSERT INTO public.round_results (id, player_id, round_number, score, tournament_id, game_number) VALUES (286, 2, 1, -19.5, 237, 2);
INSERT INTO public.round_results (id, player_id, round_number, score, tournament_id, game_number) VALUES (287, 1, 1, 47.8, 237, 2);
INSERT INTO public.round_results (id, player_id, round_number, score, tournament_id, game_number) VALUES (292, 3, 1, 2.1, 237, 2);
INSERT INTO public.round_results (id, player_id, round_number, score, tournament_id, game_number) VALUES (293, 11, 1, -19.8, 237, 2);
INSERT INTO public.round_results (id, player_id, round_number, score, tournament_id, game_number) VALUES (294, 6, 1, 47.6, 237, 2);
INSERT INTO public.round_results (id, player_id, round_number, score, tournament_id, game_number) VALUES (295, 10, 1, -29.9, 237, 2);
INSERT INTO public.round_results (id, player_id, round_number, score, tournament_id, game_number) VALUES (471, 2, 1, -4.6, 330, 1);
INSERT INTO public.round_results (id, player_id, round_number, score, tournament_id, game_number) VALUES (472, 18, 1, 4.6, 330, 1);
INSERT INTO public.round_results (id, player_id, round_number, score, tournament_id, game_number) VALUES (473, 2, 1, 3.7, 330, 2);
INSERT INTO public.round_results (id, player_id, round_number, score, tournament_id, game_number) VALUES (474, 18, 1, -3.7, 330, 2);
INSERT INTO public.round_results (id, player_id, round_number, score, tournament_id, game_number) VALUES (475, 173, 1, -38.2, 330, 1);
INSERT INTO public.round_results (id, player_id, round_number, score, tournament_id, game_number) VALUES (476, 14, 1, 44.6, 330, 1);
INSERT INTO public.round_results (id, player_id, round_number, score, tournament_id, game_number) VALUES (477, 7, 1, 14.1, 330, 1);
INSERT INTO public.round_results (id, player_id, round_number, score, tournament_id, game_number) VALUES (478, 13, 1, -20.5, 330, 1);
INSERT INTO public.round_results (id, player_id, round_number, score, tournament_id, game_number) VALUES (479, 173, 1, 4.4, 330, 2);
INSERT INTO public.round_results (id, player_id, round_number, score, tournament_id, game_number) VALUES (480, 14, 1, 49.6, 330, 2);
INSERT INTO public.round_results (id, player_id, round_number, score, tournament_id, game_number) VALUES (481, 7, 1, -21.7, 330, 2);
INSERT INTO public.round_results (id, player_id, round_number, score, tournament_id, game_number) VALUES (482, 13, 1, -32.3, 330, 2);
INSERT INTO public.round_results (id, player_id, round_number, score, tournament_id, game_number) VALUES (374, 3, 1, -36.9, 269, 1);
INSERT INTO public.round_results (id, player_id, round_number, score, tournament_id, game_number) VALUES (375, 19, 1, -9.2, 269, 1);
INSERT INTO public.round_results (id, player_id, round_number, score, tournament_id, game_number) VALUES (376, 13, 1, -42.5, 269, 1);
INSERT INTO public.round_results (id, player_id, round_number, score, tournament_id, game_number) VALUES (377, 7, 1, -14.8, 269, 1);
INSERT INTO public.round_results (id, player_id, round_number, score, tournament_id, game_number) VALUES (378, 3, 1, -6.2, 269, 2);
INSERT INTO public.round_results (id, player_id, round_number, score, tournament_id, game_number) VALUES (379, 19, 1, -43.8, 269, 2);
INSERT INTO public.round_results (id, player_id, round_number, score, tournament_id, game_number) VALUES (380, 13, 1, -19.5, 269, 2);
INSERT INTO public.round_results (id, player_id, round_number, score, tournament_id, game_number) VALUES (381, 7, 1, -30.5, 269, 2);
INSERT INTO public.round_results (id, player_id, round_number, score, tournament_id, game_number) VALUES (352, 1, 1, -14.3, 268, 1);
INSERT INTO public.round_results (id, player_id, round_number, score, tournament_id, game_number) VALUES (353, 2, 1, 7.9, 268, 1);
INSERT INTO public.round_results (id, player_id, round_number, score, tournament_id, game_number) VALUES (354, 13, 1, 49.5, 268, 1);
INSERT INTO public.round_results (id, player_id, round_number, score, tournament_id, game_number) VALUES (355, 20, 1, -43.1, 268, 1);
INSERT INTO public.round_results (id, player_id, round_number, score, tournament_id, game_number) VALUES (356, 1, 1, -22.2, 268, 2);
INSERT INTO public.round_results (id, player_id, round_number, score, tournament_id, game_number) VALUES (357, 2, 1, -35.2, 268, 2);
INSERT INTO public.round_results (id, player_id, round_number, score, tournament_id, game_number) VALUES (358, 13, 1, 50.4, 268, 2);
INSERT INTO public.round_results (id, player_id, round_number, score, tournament_id, game_number) VALUES (359, 20, 1, 7.0, 268, 2);
INSERT INTO public.round_results (id, player_id, round_number, score, tournament_id, game_number) VALUES (360, 5, 1, -22.6, 268, 1);
INSERT INTO public.round_results (id, player_id, round_number, score, tournament_id, game_number) VALUES (361, 16, 1, -22.1, 268, 1);
INSERT INTO public.round_results (id, player_id, round_number, score, tournament_id, game_number) VALUES (362, 6, 1, -0.5, 268, 1);
INSERT INTO public.round_results (id, player_id, round_number, score, tournament_id, game_number) VALUES (363, 5, 1, -22.4, 268, 2);
INSERT INTO public.round_results (id, player_id, round_number, score, tournament_id, game_number) VALUES (364, 16, 1, -16.7, 268, 2);
INSERT INTO public.round_results (id, player_id, round_number, score, tournament_id, game_number) VALUES (365, 6, 1, -5.7, 268, 2);
INSERT INTO public.round_results (id, player_id, round_number, score, tournament_id, game_number) VALUES (366, 15, 1, -48.0, 269, 1);
INSERT INTO public.round_results (id, player_id, round_number, score, tournament_id, game_number) VALUES (367, 4, 1, -11.6, 269, 1);
INSERT INTO public.round_results (id, player_id, round_number, score, tournament_id, game_number) VALUES (368, 9, 1, 30.0, 269, 1);
INSERT INTO public.round_results (id, player_id, round_number, score, tournament_id, game_number) VALUES (369, 11, 1, 45.0, 269, 1);
INSERT INTO public.round_results (id, player_id, round_number, score, tournament_id, game_number) VALUES (370, 15, 1, -32.7, 269, 2);
INSERT INTO public.round_results (id, player_id, round_number, score, tournament_id, game_number) VALUES (371, 4, 1, 5.2, 269, 2);
INSERT INTO public.round_results (id, player_id, round_number, score, tournament_id, game_number) VALUES (372, 9, 1, 30.0, 269, 2);
INSERT INTO public.round_results (id, player_id, round_number, score, tournament_id, game_number) VALUES (373, 11, 1, 49.7, 269, 2);


--
-- Data for Name: standings; Type: TABLE DATA; Schema: public; Owner: -
--

INSERT INTO public.standings (player_id, rank, total, pending, eliminated_round, tournament_id) VALUES (6, 0, 0.0, false, 0, 220);
INSERT INTO public.standings (player_id, rank, total, pending, eliminated_round, tournament_id) VALUES (173, 0, 0.0, false, 0, 329);
INSERT INTO public.standings (player_id, rank, total, pending, eliminated_round, tournament_id) VALUES (2, 0, 0.0, false, 0, 220);
INSERT INTO public.standings (player_id, rank, total, pending, eliminated_round, tournament_id) VALUES (20, 0, 0.0, false, 0, 220);
INSERT INTO public.standings (player_id, rank, total, pending, eliminated_round, tournament_id) VALUES (8, 0, 0.0, false, 0, 220);
INSERT INTO public.standings (player_id, rank, total, pending, eliminated_round, tournament_id) VALUES (18, 0, 0.0, false, 0, 220);
INSERT INTO public.standings (player_id, rank, total, pending, eliminated_round, tournament_id) VALUES (24, 0, 0.0, false, 0, 220);
INSERT INTO public.standings (player_id, rank, total, pending, eliminated_round, tournament_id) VALUES (25, 0, 0.0, false, 0, 220);
INSERT INTO public.standings (player_id, rank, total, pending, eliminated_round, tournament_id) VALUES (26, 0, 0.0, false, 0, 220);
INSERT INTO public.standings (player_id, rank, total, pending, eliminated_round, tournament_id) VALUES (10, 0, 0.0, false, 0, 220);
INSERT INTO public.standings (player_id, rank, total, pending, eliminated_round, tournament_id) VALUES (16, 0, 0.0, false, 0, 220);
INSERT INTO public.standings (player_id, rank, total, pending, eliminated_round, tournament_id) VALUES (17, 0, 0.0, false, 0, 220);
INSERT INTO public.standings (player_id, rank, total, pending, eliminated_round, tournament_id) VALUES (3, 0, 0.0, false, 0, 220);
INSERT INTO public.standings (player_id, rank, total, pending, eliminated_round, tournament_id) VALUES (4, 1, 171.2, false, 0, 1);
INSERT INTO public.standings (player_id, rank, total, pending, eliminated_round, tournament_id) VALUES (1, 2, 130.4, false, 3, 1);
INSERT INTO public.standings (player_id, rank, total, pending, eliminated_round, tournament_id) VALUES (10, 3, 63.3, false, 0, 1);
INSERT INTO public.standings (player_id, rank, total, pending, eliminated_round, tournament_id) VALUES (5, 4, 56.5, false, 3, 1);
INSERT INTO public.standings (player_id, rank, total, pending, eliminated_round, tournament_id) VALUES (3, 5, 55.8, false, 0, 1);
INSERT INTO public.standings (player_id, rank, total, pending, eliminated_round, tournament_id) VALUES (6, 6, 55.5, false, 3, 1);
INSERT INTO public.standings (player_id, rank, total, pending, eliminated_round, tournament_id) VALUES (7, 7, 47.8, false, 3, 1);
INSERT INTO public.standings (player_id, rank, total, pending, eliminated_round, tournament_id) VALUES (2, 8, 43.7, false, 0, 1);
INSERT INTO public.standings (player_id, rank, total, pending, eliminated_round, tournament_id) VALUES (8, 9, 40.3, false, 1, 1);
INSERT INTO public.standings (player_id, rank, total, pending, eliminated_round, tournament_id) VALUES (9, 10, -0.7, false, 3, 1);
INSERT INTO public.standings (player_id, rank, total, pending, eliminated_round, tournament_id) VALUES (11, 11, -22.7, false, 2, 1);
INSERT INTO public.standings (player_id, rank, total, pending, eliminated_round, tournament_id) VALUES (12, 12, -27.4, false, 2, 1);
INSERT INTO public.standings (player_id, rank, total, pending, eliminated_round, tournament_id) VALUES (13, 13, -63.7, false, 1, 1);
INSERT INTO public.standings (player_id, rank, total, pending, eliminated_round, tournament_id) VALUES (14, 14, -68.0, false, 3, 1);
INSERT INTO public.standings (player_id, rank, total, pending, eliminated_round, tournament_id) VALUES (15, 15, -71.2, false, 2, 1);
INSERT INTO public.standings (player_id, rank, total, pending, eliminated_round, tournament_id) VALUES (16, 16, -72.8, false, 1, 1);
INSERT INTO public.standings (player_id, rank, total, pending, eliminated_round, tournament_id) VALUES (17, 17, -73.0, false, 3, 1);
INSERT INTO public.standings (player_id, rank, total, pending, eliminated_round, tournament_id) VALUES (18, 18, -76.0, false, 1, 1);
INSERT INTO public.standings (player_id, rank, total, pending, eliminated_round, tournament_id) VALUES (19, 19, -80.4, false, 2, 1);
INSERT INTO public.standings (player_id, rank, total, pending, eliminated_round, tournament_id) VALUES (20, 20, -107.8, false, 3, 1);
INSERT INTO public.standings (player_id, rank, total, pending, eliminated_round, tournament_id) VALUES (5, 0, 0.0, false, 0, 220);
INSERT INTO public.standings (player_id, rank, total, pending, eliminated_round, tournament_id) VALUES (12, 0, 0.0, false, 0, 220);
INSERT INTO public.standings (player_id, rank, total, pending, eliminated_round, tournament_id) VALUES (14, 0, 0.0, false, 0, 220);
INSERT INTO public.standings (player_id, rank, total, pending, eliminated_round, tournament_id) VALUES (11, 0, 0.0, false, 0, 220);
INSERT INTO public.standings (player_id, rank, total, pending, eliminated_round, tournament_id) VALUES (7, 0, 0.0, false, 0, 220);
INSERT INTO public.standings (player_id, rank, total, pending, eliminated_round, tournament_id) VALUES (9, 0, 0.0, false, 0, 220);
INSERT INTO public.standings (player_id, rank, total, pending, eliminated_round, tournament_id) VALUES (19, 0, 0.0, false, 0, 220);
INSERT INTO public.standings (player_id, rank, total, pending, eliminated_round, tournament_id) VALUES (1, 0, -15.8, false, 0, 220);
INSERT INTO public.standings (player_id, rank, total, pending, eliminated_round, tournament_id) VALUES (4, 0, 46.0, false, 0, 220);
INSERT INTO public.standings (player_id, rank, total, pending, eliminated_round, tournament_id) VALUES (13, 0, 7.5, false, 0, 220);
INSERT INTO public.standings (player_id, rank, total, pending, eliminated_round, tournament_id) VALUES (15, 0, -37.7, false, 0, 220);
INSERT INTO public.standings (player_id, rank, total, pending, eliminated_round, tournament_id) VALUES (1, 0, -25.1, false, 0, 40);
INSERT INTO public.standings (player_id, rank, total, pending, eliminated_round, tournament_id) VALUES (2, 0, 8.6, false, 0, 40);
INSERT INTO public.standings (player_id, rank, total, pending, eliminated_round, tournament_id) VALUES (6, 0, -36.4, false, 0, 40);
INSERT INTO public.standings (player_id, rank, total, pending, eliminated_round, tournament_id) VALUES (20, 0, 52.9, false, 0, 40);
INSERT INTO public.standings (player_id, rank, total, pending, eliminated_round, tournament_id) VALUES (174, 0, 0.0, false, 0, 329);
INSERT INTO public.standings (player_id, rank, total, pending, eliminated_round, tournament_id) VALUES (6, 0, 0.0, false, 0, 329);
INSERT INTO public.standings (player_id, rank, total, pending, eliminated_round, tournament_id) VALUES (1, 0, 0.0, false, 0, 329);
INSERT INTO public.standings (player_id, rank, total, pending, eliminated_round, tournament_id) VALUES (2, 0, 0.0, false, 0, 329);
INSERT INTO public.standings (player_id, rank, total, pending, eliminated_round, tournament_id) VALUES (20, 0, 0.0, false, 0, 329);
INSERT INTO public.standings (player_id, rank, total, pending, eliminated_round, tournament_id) VALUES (8, 0, 0.0, false, 0, 329);
INSERT INTO public.standings (player_id, rank, total, pending, eliminated_round, tournament_id) VALUES (18, 0, 0.0, false, 0, 329);
INSERT INTO public.standings (player_id, rank, total, pending, eliminated_round, tournament_id) VALUES (24, 0, 0.0, false, 0, 329);
INSERT INTO public.standings (player_id, rank, total, pending, eliminated_round, tournament_id) VALUES (172, 0, 0.0, false, 0, 329);
INSERT INTO public.standings (player_id, rank, total, pending, eliminated_round, tournament_id) VALUES (25, 0, 0.0, false, 0, 329);
INSERT INTO public.standings (player_id, rank, total, pending, eliminated_round, tournament_id) VALUES (26, 0, 0.0, false, 0, 329);
INSERT INTO public.standings (player_id, rank, total, pending, eliminated_round, tournament_id) VALUES (10, 0, 0.0, false, 0, 329);
INSERT INTO public.standings (player_id, rank, total, pending, eliminated_round, tournament_id) VALUES (16, 0, 0.0, false, 0, 329);
INSERT INTO public.standings (player_id, rank, total, pending, eliminated_round, tournament_id) VALUES (17, 0, 0.0, false, 0, 329);
INSERT INTO public.standings (player_id, rank, total, pending, eliminated_round, tournament_id) VALUES (3, 0, 0.0, false, 0, 329);
INSERT INTO public.standings (player_id, rank, total, pending, eliminated_round, tournament_id) VALUES (5, 0, 0.0, false, 0, 329);
INSERT INTO public.standings (player_id, rank, total, pending, eliminated_round, tournament_id) VALUES (12, 0, 0.0, false, 0, 329);
INSERT INTO public.standings (player_id, rank, total, pending, eliminated_round, tournament_id) VALUES (14, 0, 0.0, false, 0, 329);
INSERT INTO public.standings (player_id, rank, total, pending, eliminated_round, tournament_id) VALUES (13, 0, 0.0, false, 0, 329);
INSERT INTO public.standings (player_id, rank, total, pending, eliminated_round, tournament_id) VALUES (11, 0, 0.0, false, 0, 329);
INSERT INTO public.standings (player_id, rank, total, pending, eliminated_round, tournament_id) VALUES (7, 0, 0.0, false, 0, 329);
INSERT INTO public.standings (player_id, rank, total, pending, eliminated_round, tournament_id) VALUES (4, 0, 0.0, false, 0, 329);
INSERT INTO public.standings (player_id, rank, total, pending, eliminated_round, tournament_id) VALUES (9, 0, 0.0, false, 0, 329);
INSERT INTO public.standings (player_id, rank, total, pending, eliminated_round, tournament_id) VALUES (19, 0, 0.0, false, 0, 329);
INSERT INTO public.standings (player_id, rank, total, pending, eliminated_round, tournament_id) VALUES (15, 0, 0.0, false, 0, 329);
INSERT INTO public.standings (player_id, rank, total, pending, eliminated_round, tournament_id) VALUES (173, 0, 0.0, false, 0, 451);
INSERT INTO public.standings (player_id, rank, total, pending, eliminated_round, tournament_id) VALUES (174, 0, 0.0, false, 0, 451);
INSERT INTO public.standings (player_id, rank, total, pending, eliminated_round, tournament_id) VALUES (6, 0, 0.0, false, 0, 451);
INSERT INTO public.standings (player_id, rank, total, pending, eliminated_round, tournament_id) VALUES (1, 0, 0.0, false, 0, 451);
INSERT INTO public.standings (player_id, rank, total, pending, eliminated_round, tournament_id) VALUES (2, 0, 0.0, false, 0, 451);
INSERT INTO public.standings (player_id, rank, total, pending, eliminated_round, tournament_id) VALUES (20, 0, 0.0, false, 0, 451);
INSERT INTO public.standings (player_id, rank, total, pending, eliminated_round, tournament_id) VALUES (8, 0, 0.0, false, 0, 451);
INSERT INTO public.standings (player_id, rank, total, pending, eliminated_round, tournament_id) VALUES (18, 0, 0.0, false, 0, 451);
INSERT INTO public.standings (player_id, rank, total, pending, eliminated_round, tournament_id) VALUES (24, 0, 0.0, false, 0, 451);
INSERT INTO public.standings (player_id, rank, total, pending, eliminated_round, tournament_id) VALUES (172, 0, 0.0, false, 0, 451);
INSERT INTO public.standings (player_id, rank, total, pending, eliminated_round, tournament_id) VALUES (25, 0, 0.0, false, 0, 451);
INSERT INTO public.standings (player_id, rank, total, pending, eliminated_round, tournament_id) VALUES (26, 0, 0.0, false, 0, 451);
INSERT INTO public.standings (player_id, rank, total, pending, eliminated_round, tournament_id) VALUES (10, 0, 0.0, false, 0, 451);
INSERT INTO public.standings (player_id, rank, total, pending, eliminated_round, tournament_id) VALUES (16, 0, 0.0, false, 0, 451);
INSERT INTO public.standings (player_id, rank, total, pending, eliminated_round, tournament_id) VALUES (17, 0, 0.0, false, 0, 451);
INSERT INTO public.standings (player_id, rank, total, pending, eliminated_round, tournament_id) VALUES (3, 0, 0.0, false, 0, 451);
INSERT INTO public.standings (player_id, rank, total, pending, eliminated_round, tournament_id) VALUES (5, 0, 0.0, false, 0, 451);
INSERT INTO public.standings (player_id, rank, total, pending, eliminated_round, tournament_id) VALUES (12, 0, 0.0, false, 0, 451);
INSERT INTO public.standings (player_id, rank, total, pending, eliminated_round, tournament_id) VALUES (14, 0, 0.0, false, 0, 451);
INSERT INTO public.standings (player_id, rank, total, pending, eliminated_round, tournament_id) VALUES (13, 0, 0.0, false, 0, 451);
INSERT INTO public.standings (player_id, rank, total, pending, eliminated_round, tournament_id) VALUES (11, 0, 0.0, false, 0, 451);
INSERT INTO public.standings (player_id, rank, total, pending, eliminated_round, tournament_id) VALUES (7, 0, 0.0, false, 0, 451);
INSERT INTO public.standings (player_id, rank, total, pending, eliminated_round, tournament_id) VALUES (4, 0, 0.0, false, 0, 451);
INSERT INTO public.standings (player_id, rank, total, pending, eliminated_round, tournament_id) VALUES (9, 0, 0.0, false, 0, 451);
INSERT INTO public.standings (player_id, rank, total, pending, eliminated_round, tournament_id) VALUES (19, 0, 0.0, false, 0, 451);
INSERT INTO public.standings (player_id, rank, total, pending, eliminated_round, tournament_id) VALUES (15, 0, 0.0, false, 0, 451);
INSERT INTO public.standings (player_id, rank, total, pending, eliminated_round, tournament_id) VALUES (173, 0, -33.8, false, 1, 330);
INSERT INTO public.standings (player_id, rank, total, pending, eliminated_round, tournament_id) VALUES (13, 0, -52.8, false, 1, 330);
INSERT INTO public.standings (player_id, rank, total, pending, eliminated_round, tournament_id) VALUES (4, 0, -58.9, false, 1, 330);
INSERT INTO public.standings (player_id, rank, total, pending, eliminated_round, tournament_id) VALUES (5, 0, -67.5, false, 1, 330);
INSERT INTO public.standings (player_id, rank, total, pending, eliminated_round, tournament_id) VALUES (6, 0, -39.1, false, 1, 330);
INSERT INTO public.standings (player_id, rank, total, pending, eliminated_round, tournament_id) VALUES (9, 0, -77.2, false, 1, 330);
INSERT INTO public.standings (player_id, rank, total, pending, eliminated_round, tournament_id) VALUES (11, 0, -58.6, false, 1, 330);
INSERT INTO public.standings (player_id, rank, total, pending, eliminated_round, tournament_id) VALUES (16, 0, -41.8, false, 1, 330);
INSERT INTO public.standings (player_id, rank, total, pending, eliminated_round, tournament_id) VALUES (19, 0, -32.4, false, 1, 330);
INSERT INTO public.standings (player_id, rank, total, pending, eliminated_round, tournament_id) VALUES (20, 0, -6.8, false, 1, 330);
INSERT INTO public.standings (player_id, rank, total, pending, eliminated_round, tournament_id) VALUES (25, 0, -22.6, false, 1, 330);
INSERT INTO public.standings (player_id, rank, total, pending, eliminated_round, tournament_id) VALUES (26, 0, -50.1, false, 1, 330);
INSERT INTO public.standings (player_id, rank, total, pending, eliminated_round, tournament_id) VALUES (14, 0, 94.2, false, 0, 330);
INSERT INTO public.standings (player_id, rank, total, pending, eliminated_round, tournament_id) VALUES (7, 0, -7.6, false, 0, 330);
INSERT INTO public.standings (player_id, rank, total, pending, eliminated_round, tournament_id) VALUES (2, 0, -0.9, false, 0, 330);
INSERT INTO public.standings (player_id, rank, total, pending, eliminated_round, tournament_id) VALUES (18, 0, 0.9, false, 0, 330);
INSERT INTO public.standings (player_id, rank, total, pending, eliminated_round, tournament_id) VALUES (1, 0, 8.6, false, 0, 330);
INSERT INTO public.standings (player_id, rank, total, pending, eliminated_round, tournament_id) VALUES (3, 0, 20.7, false, 0, 330);
INSERT INTO public.standings (player_id, rank, total, pending, eliminated_round, tournament_id) VALUES (8, 0, 88.9, false, 0, 330);
INSERT INTO public.standings (player_id, rank, total, pending, eliminated_round, tournament_id) VALUES (10, 0, 55.4, false, 0, 330);
INSERT INTO public.standings (player_id, rank, total, pending, eliminated_round, tournament_id) VALUES (12, 0, 53.9, false, 0, 330);
INSERT INTO public.standings (player_id, rank, total, pending, eliminated_round, tournament_id) VALUES (15, 0, 61.5, false, 0, 330);
INSERT INTO public.standings (player_id, rank, total, pending, eliminated_round, tournament_id) VALUES (17, 0, 56.0, false, 0, 330);
INSERT INTO public.standings (player_id, rank, total, pending, eliminated_round, tournament_id) VALUES (24, 0, 37.3, false, 0, 330);
INSERT INTO public.standings (player_id, rank, total, pending, eliminated_round, tournament_id) VALUES (172, 0, 44.8, false, 0, 330);
INSERT INTO public.standings (player_id, rank, total, pending, eliminated_round, tournament_id) VALUES (174, 0, 27.9, false, 0, 330);
INSERT INTO public.standings (player_id, rank, total, pending, eliminated_round, tournament_id) VALUES (6, 0, 96.2, false, 0, 237);
INSERT INTO public.standings (player_id, rank, total, pending, eliminated_round, tournament_id) VALUES (11, 0, -13.9, false, 0, 237);
INSERT INTO public.standings (player_id, rank, total, pending, eliminated_round, tournament_id) VALUES (1, 0, 34.1, false, 0, 237);
INSERT INTO public.standings (player_id, rank, total, pending, eliminated_round, tournament_id) VALUES (2, 0, 27.4, false, 0, 237);
INSERT INTO public.standings (player_id, rank, total, pending, eliminated_round, tournament_id) VALUES (20, 0, -19.7, false, 1, 237);
INSERT INTO public.standings (player_id, rank, total, pending, eliminated_round, tournament_id) VALUES (10, 0, -49.9, false, 1, 237);
INSERT INTO public.standings (player_id, rank, total, pending, eliminated_round, tournament_id) VALUES (3, 0, -32.4, false, 1, 237);
INSERT INTO public.standings (player_id, rank, total, pending, eliminated_round, tournament_id) VALUES (13, 0, -41.8, false, 1, 237);
INSERT INTO public.standings (player_id, rank, total, pending, eliminated_round, tournament_id) VALUES (1, 0, -40.6, false, 1, 236);
INSERT INTO public.standings (player_id, rank, total, pending, eliminated_round, tournament_id) VALUES (2, 0, -30.2, false, 0, 236);
INSERT INTO public.standings (player_id, rank, total, pending, eliminated_round, tournament_id) VALUES (3, 0, -19.6, false, 1, 236);
INSERT INTO public.standings (player_id, rank, total, pending, eliminated_round, tournament_id) VALUES (6, 0, -32.8, false, 1, 236);
INSERT INTO public.standings (player_id, rank, total, pending, eliminated_round, tournament_id) VALUES (8, 0, 29.9, false, 0, 236);
INSERT INTO public.standings (player_id, rank, total, pending, eliminated_round, tournament_id) VALUES (10, 0, -13.8, false, 1, 236);
INSERT INTO public.standings (player_id, rank, total, pending, eliminated_round, tournament_id) VALUES (18, 0, 82.7, false, 0, 236);
INSERT INTO public.standings (player_id, rank, total, pending, eliminated_round, tournament_id) VALUES (20, 0, 24.4, false, 0, 236);
INSERT INTO public.standings (player_id, rank, total, pending, eliminated_round, tournament_id) VALUES (20, 0, 23.2, false, 2, 148);
INSERT INTO public.standings (player_id, rank, total, pending, eliminated_round, tournament_id) VALUES (18, 0, -14.8, false, 1, 148);
INSERT INTO public.standings (player_id, rank, total, pending, eliminated_round, tournament_id) VALUES (2, 0, 69.8, false, 0, 148);
INSERT INTO public.standings (player_id, rank, total, pending, eliminated_round, tournament_id) VALUES (8, 0, -26.4, false, 2, 148);
INSERT INTO public.standings (player_id, rank, total, pending, eliminated_round, tournament_id) VALUES (16, 0, -35.7, false, 1, 148);
INSERT INTO public.standings (player_id, rank, total, pending, eliminated_round, tournament_id) VALUES (1, 0, 0.0, false, 0, 115);
INSERT INTO public.standings (player_id, rank, total, pending, eliminated_round, tournament_id) VALUES (6, 0, 0.0, false, 0, 115);
INSERT INTO public.standings (player_id, rank, total, pending, eliminated_round, tournament_id) VALUES (2, 0, 0.0, false, 0, 115);
INSERT INTO public.standings (player_id, rank, total, pending, eliminated_round, tournament_id) VALUES (20, 0, 0.0, false, 0, 115);
INSERT INTO public.standings (player_id, rank, total, pending, eliminated_round, tournament_id) VALUES (8, 0, 0.0, false, 0, 115);
INSERT INTO public.standings (player_id, rank, total, pending, eliminated_round, tournament_id) VALUES (18, 0, 0.0, false, 0, 115);
INSERT INTO public.standings (player_id, rank, total, pending, eliminated_round, tournament_id) VALUES (24, 0, 0.0, false, 0, 115);
INSERT INTO public.standings (player_id, rank, total, pending, eliminated_round, tournament_id) VALUES (25, 0, 0.0, false, 0, 115);
INSERT INTO public.standings (player_id, rank, total, pending, eliminated_round, tournament_id) VALUES (26, 0, 0.0, false, 0, 115);
INSERT INTO public.standings (player_id, rank, total, pending, eliminated_round, tournament_id) VALUES (10, 0, 0.0, false, 0, 115);
INSERT INTO public.standings (player_id, rank, total, pending, eliminated_round, tournament_id) VALUES (16, 0, 0.0, false, 0, 115);
INSERT INTO public.standings (player_id, rank, total, pending, eliminated_round, tournament_id) VALUES (17, 0, 0.0, false, 0, 115);
INSERT INTO public.standings (player_id, rank, total, pending, eliminated_round, tournament_id) VALUES (3, 0, 0.0, false, 0, 115);
INSERT INTO public.standings (player_id, rank, total, pending, eliminated_round, tournament_id) VALUES (5, 0, 0.0, false, 0, 115);
INSERT INTO public.standings (player_id, rank, total, pending, eliminated_round, tournament_id) VALUES (12, 0, 0.0, false, 0, 115);
INSERT INTO public.standings (player_id, rank, total, pending, eliminated_round, tournament_id) VALUES (14, 0, 0.0, false, 0, 115);
INSERT INTO public.standings (player_id, rank, total, pending, eliminated_round, tournament_id) VALUES (13, 0, 0.0, false, 0, 115);
INSERT INTO public.standings (player_id, rank, total, pending, eliminated_round, tournament_id) VALUES (11, 0, 0.0, false, 0, 115);
INSERT INTO public.standings (player_id, rank, total, pending, eliminated_round, tournament_id) VALUES (7, 0, 0.0, false, 0, 115);
INSERT INTO public.standings (player_id, rank, total, pending, eliminated_round, tournament_id) VALUES (4, 0, 0.0, false, 0, 115);
INSERT INTO public.standings (player_id, rank, total, pending, eliminated_round, tournament_id) VALUES (9, 0, 0.0, false, 0, 115);
INSERT INTO public.standings (player_id, rank, total, pending, eliminated_round, tournament_id) VALUES (19, 0, 0.0, false, 0, 115);
INSERT INTO public.standings (player_id, rank, total, pending, eliminated_round, tournament_id) VALUES (15, 0, 0.0, false, 0, 115);
INSERT INTO public.standings (player_id, rank, total, pending, eliminated_round, tournament_id) VALUES (6, 0, -6.2, false, 0, 268);
INSERT INTO public.standings (player_id, rank, total, pending, eliminated_round, tournament_id) VALUES (13, 0, 99.9, false, 0, 268);
INSERT INTO public.standings (player_id, rank, total, pending, eliminated_round, tournament_id) VALUES (1, 0, -36.5, false, 1, 268);
INSERT INTO public.standings (player_id, rank, total, pending, eliminated_round, tournament_id) VALUES (2, 0, -27.3, false, 1, 268);
INSERT INTO public.standings (player_id, rank, total, pending, eliminated_round, tournament_id) VALUES (5, 0, -45.0, false, 1, 268);
INSERT INTO public.standings (player_id, rank, total, pending, eliminated_round, tournament_id) VALUES (16, 0, -38.8, false, 1, 268);
INSERT INTO public.standings (player_id, rank, total, pending, eliminated_round, tournament_id) VALUES (20, 0, -36.1, false, 1, 268);
INSERT INTO public.standings (player_id, rank, total, pending, eliminated_round, tournament_id) VALUES (9, 0, 60.0, false, 0, 269);
INSERT INTO public.standings (player_id, rank, total, pending, eliminated_round, tournament_id) VALUES (11, 0, 94.7, false, 0, 269);
INSERT INTO public.standings (player_id, rank, total, pending, eliminated_round, tournament_id) VALUES (3, 0, -43.1, false, 1, 269);
INSERT INTO public.standings (player_id, rank, total, pending, eliminated_round, tournament_id) VALUES (4, 0, -6.4, false, 1, 269);
INSERT INTO public.standings (player_id, rank, total, pending, eliminated_round, tournament_id) VALUES (7, 0, -45.3, false, 1, 269);
INSERT INTO public.standings (player_id, rank, total, pending, eliminated_round, tournament_id) VALUES (13, 0, -62.0, false, 1, 269);
INSERT INTO public.standings (player_id, rank, total, pending, eliminated_round, tournament_id) VALUES (15, 0, -80.7, false, 1, 269);
INSERT INTO public.standings (player_id, rank, total, pending, eliminated_round, tournament_id) VALUES (19, 0, -53.0, false, 1, 269);
INSERT INTO public.standings (player_id, rank, total, pending, eliminated_round, tournament_id) VALUES (6, 0, -35.4, false, 0, 131);
INSERT INTO public.standings (player_id, rank, total, pending, eliminated_round, tournament_id) VALUES (1, 0, 43.6, false, 0, 131);
INSERT INTO public.standings (player_id, rank, total, pending, eliminated_round, tournament_id) VALUES (2, 0, -36.0, false, 0, 131);
INSERT INTO public.standings (player_id, rank, total, pending, eliminated_round, tournament_id) VALUES (20, 0, 8.5, false, 0, 131);
INSERT INTO public.standings (player_id, rank, total, pending, eliminated_round, tournament_id) VALUES (18, 0, 49.4, false, 0, 131);
INSERT INTO public.standings (player_id, rank, total, pending, eliminated_round, tournament_id) VALUES (10, 0, -14.2, false, 0, 131);
INSERT INTO public.standings (player_id, rank, total, pending, eliminated_round, tournament_id) VALUES (16, 0, -42.0, false, 0, 131);
INSERT INTO public.standings (player_id, rank, total, pending, eliminated_round, tournament_id) VALUES (3, 0, 6.8, false, 0, 131);
INSERT INTO public.standings (player_id, rank, total, pending, eliminated_round, tournament_id) VALUES (5, 0, 9.4, false, 0, 131);
INSERT INTO public.standings (player_id, rank, total, pending, eliminated_round, tournament_id) VALUES (13, 0, -34.4, false, 0, 131);
INSERT INTO public.standings (player_id, rank, total, pending, eliminated_round, tournament_id) VALUES (9, 0, -24.8, false, 0, 131);
INSERT INTO public.standings (player_id, rank, total, pending, eliminated_round, tournament_id) VALUES (19, 0, -16.7, false, 0, 131);
INSERT INTO public.standings (player_id, rank, total, pending, eliminated_round, tournament_id) VALUES (11, 0, 10.6, false, 0, 131);
INSERT INTO public.standings (player_id, rank, total, pending, eliminated_round, tournament_id) VALUES (7, 0, 51.4, false, 0, 131);
INSERT INTO public.standings (player_id, rank, total, pending, eliminated_round, tournament_id) VALUES (4, 0, 41.3, false, 0, 131);
INSERT INTO public.standings (player_id, rank, total, pending, eliminated_round, tournament_id) VALUES (15, 0, -17.5, false, 0, 131);
INSERT INTO public.standings (player_id, rank, total, pending, eliminated_round, tournament_id) VALUES (6, 0, 8.4, false, 0, 144);
INSERT INTO public.standings (player_id, rank, total, pending, eliminated_round, tournament_id) VALUES (1, 0, 7.9, false, 0, 144);
INSERT INTO public.standings (player_id, rank, total, pending, eliminated_round, tournament_id) VALUES (2, 0, 44.7, false, 0, 144);
INSERT INTO public.standings (player_id, rank, total, pending, eliminated_round, tournament_id) VALUES (20, 0, 11.5, false, 0, 144);
INSERT INTO public.standings (player_id, rank, total, pending, eliminated_round, tournament_id) VALUES (18, 0, 48.9, false, 0, 144);
INSERT INTO public.standings (player_id, rank, total, pending, eliminated_round, tournament_id) VALUES (10, 0, -40.9, false, 0, 144);
INSERT INTO public.standings (player_id, rank, total, pending, eliminated_round, tournament_id) VALUES (16, 0, 11.5, false, 0, 144);
INSERT INTO public.standings (player_id, rank, total, pending, eliminated_round, tournament_id) VALUES (3, 0, -24.9, false, 0, 144);
INSERT INTO public.standings (player_id, rank, total, pending, eliminated_round, tournament_id) VALUES (5, 0, -13.8, false, 0, 144);
INSERT INTO public.standings (player_id, rank, total, pending, eliminated_round, tournament_id) VALUES (13, 0, -15.9, false, 0, 144);
INSERT INTO public.standings (player_id, rank, total, pending, eliminated_round, tournament_id) VALUES (11, 0, -41.2, false, 0, 144);
INSERT INTO public.standings (player_id, rank, total, pending, eliminated_round, tournament_id) VALUES (7, 0, 50.8, false, 0, 144);
INSERT INTO public.standings (player_id, rank, total, pending, eliminated_round, tournament_id) VALUES (4, 0, -37.4, false, 0, 144);
INSERT INTO public.standings (player_id, rank, total, pending, eliminated_round, tournament_id) VALUES (9, 0, 39.3, false, 0, 144);
INSERT INTO public.standings (player_id, rank, total, pending, eliminated_round, tournament_id) VALUES (19, 0, -15.0, false, 0, 144);
INSERT INTO public.standings (player_id, rank, total, pending, eliminated_round, tournament_id) VALUES (15, 0, -33.9, false, 0, 144);
INSERT INTO public.standings (player_id, rank, total, pending, eliminated_round, tournament_id) VALUES (6, 0, -12.8, false, 1, 148);
INSERT INTO public.standings (player_id, rank, total, pending, eliminated_round, tournament_id) VALUES (1, 0, -11.7, false, 1, 148);
INSERT INTO public.standings (player_id, rank, total, pending, eliminated_round, tournament_id) VALUES (3, 0, 1.5, false, 2, 148);
INSERT INTO public.standings (player_id, rank, total, pending, eliminated_round, tournament_id) VALUES (5, 0, -39.2, false, 1, 148);
INSERT INTO public.standings (player_id, rank, total, pending, eliminated_round, tournament_id) VALUES (13, 0, -25.1, false, 1, 148);
INSERT INTO public.standings (player_id, rank, total, pending, eliminated_round, tournament_id) VALUES (11, 0, 30.7, false, 0, 148);
INSERT INTO public.standings (player_id, rank, total, pending, eliminated_round, tournament_id) VALUES (7, 0, -37.1, false, 1, 148);
INSERT INTO public.standings (player_id, rank, total, pending, eliminated_round, tournament_id) VALUES (4, 0, 21.2, false, 0, 148);
INSERT INTO public.standings (player_id, rank, total, pending, eliminated_round, tournament_id) VALUES (9, 0, -15.9, false, 2, 148);
INSERT INTO public.standings (player_id, rank, total, pending, eliminated_round, tournament_id) VALUES (19, 0, -37.5, false, 1, 148);
INSERT INTO public.standings (player_id, rank, total, pending, eliminated_round, tournament_id) VALUES (15, 0, 109.8, false, 0, 148);
INSERT INTO public.standings (player_id, rank, total, pending, eliminated_round, tournament_id) VALUES (2, 0, 14.8, false, 0, 168);
INSERT INTO public.standings (player_id, rank, total, pending, eliminated_round, tournament_id) VALUES (3, 0, -42.8, false, 1, 168);
INSERT INTO public.standings (player_id, rank, total, pending, eliminated_round, tournament_id) VALUES (6, 0, 26.4, false, 0, 168);
INSERT INTO public.standings (player_id, rank, total, pending, eliminated_round, tournament_id) VALUES (7, 0, 71.8, false, 0, 168);
INSERT INTO public.standings (player_id, rank, total, pending, eliminated_round, tournament_id) VALUES (10, 0, -14.5, false, 1, 168);
INSERT INTO public.standings (player_id, rank, total, pending, eliminated_round, tournament_id) VALUES (11, 0, 7.5, false, 0, 168);
INSERT INTO public.standings (player_id, rank, total, pending, eliminated_round, tournament_id) VALUES (13, 0, -43.8, false, 1, 168);
INSERT INTO public.standings (player_id, rank, total, pending, eliminated_round, tournament_id) VALUES (20, 0, -19.4, false, 1, 168);


--
-- Data for Name: tables_info; Type: TABLE DATA; Schema: public; Owner: -
--

INSERT INTO public.tables_info (id, round_number, table_name, done, tournament_id, played_date, day_of_week, played_time) VALUES (83, 1, '1卓', false, 115, NULL, '', '');
INSERT INTO public.tables_info (id, round_number, table_name, done, tournament_id, played_date, day_of_week, played_time) VALUES (84, 1, '2卓', false, 115, NULL, '', '');
INSERT INTO public.tables_info (id, round_number, table_name, done, tournament_id, played_date, day_of_week, played_time) VALUES (85, 1, '3卓', false, 115, NULL, '', '');
INSERT INTO public.tables_info (id, round_number, table_name, done, tournament_id, played_date, day_of_week, played_time) VALUES (86, 1, '4卓', false, 115, NULL, '', '');
INSERT INTO public.tables_info (id, round_number, table_name, done, tournament_id, played_date, day_of_week, played_time) VALUES (87, 1, '5卓', false, 115, NULL, '', '');
INSERT INTO public.tables_info (id, round_number, table_name, done, tournament_id, played_date, day_of_week, played_time) VALUES (88, 1, '6卓', false, 115, NULL, '', '');
INSERT INTO public.tables_info (id, round_number, table_name, done, tournament_id, played_date, day_of_week, played_time) VALUES (89, 1, '7卓', false, 115, NULL, '', '');
INSERT INTO public.tables_info (id, round_number, table_name, done, tournament_id, played_date, day_of_week, played_time) VALUES (1, 1, '1卓', true, 1, '2026-03-21', '金曜', '');
INSERT INTO public.tables_info (id, round_number, table_name, done, tournament_id, played_date, day_of_week, played_time) VALUES (2, 1, '2卓', true, 1, '2026-03-21', '金曜', '');
INSERT INTO public.tables_info (id, round_number, table_name, done, tournament_id, played_date, day_of_week, played_time) VALUES (3, 1, '3卓', true, 1, '2026-03-22', '土曜', '');
INSERT INTO public.tables_info (id, round_number, table_name, done, tournament_id, played_date, day_of_week, played_time) VALUES (4, 1, '4卓', true, 1, '2026-03-23', '日曜', '');
INSERT INTO public.tables_info (id, round_number, table_name, done, tournament_id, played_date, day_of_week, played_time) VALUES (5, 1, '5卓', true, 1, '2026-03-23', '日曜', '');
INSERT INTO public.tables_info (id, round_number, table_name, done, tournament_id, played_date, day_of_week, played_time) VALUES (6, 2, '1卓', true, 1, '2026-03-27', '金曜', '');
INSERT INTO public.tables_info (id, round_number, table_name, done, tournament_id, played_date, day_of_week, played_time) VALUES (7, 2, '2卓', true, 1, '2026-03-27', '金曜', '');
INSERT INTO public.tables_info (id, round_number, table_name, done, tournament_id, played_date, day_of_week, played_time) VALUES (8, 2, '3卓', true, 1, '2026-03-28', '土曜', '');
INSERT INTO public.tables_info (id, round_number, table_name, done, tournament_id, played_date, day_of_week, played_time) VALUES (9, 2, '4卓', true, 1, '2026-03-28', '土曜', '');
INSERT INTO public.tables_info (id, round_number, table_name, done, tournament_id, played_date, day_of_week, played_time) VALUES (10, 3, '1卓', true, 1, '2026-03-29', '日曜', '');
INSERT INTO public.tables_info (id, round_number, table_name, done, tournament_id, played_date, day_of_week, played_time) VALUES (11, 3, '2卓', true, 1, '2026-03-29', '日曜', '');
INSERT INTO public.tables_info (id, round_number, table_name, done, tournament_id, played_date, day_of_week, played_time) VALUES (12, 3, '3卓', true, 1, '2026-03-29', '日曜', '');
INSERT INTO public.tables_info (id, round_number, table_name, done, tournament_id, played_date, day_of_week, played_time) VALUES (15, 4, '決勝卓', true, 1, '2026-03-30', '月曜', '');
INSERT INTO public.tables_info (id, round_number, table_name, done, tournament_id, played_date, day_of_week, played_time) VALUES (373, 2, '1卓', true, 168, '2026-04-12', '日曜', '15:30');
INSERT INTO public.tables_info (id, round_number, table_name, done, tournament_id, played_date, day_of_week, played_time) VALUES (549, 1, '1卓', true, 268, '2026-04-16', '木曜', '20:30');
INSERT INTO public.tables_info (id, round_number, table_name, done, tournament_id, played_date, day_of_week, played_time) VALUES (550, 1, '2卓', true, 268, NULL, '', '');
INSERT INTO public.tables_info (id, round_number, table_name, done, tournament_id, played_date, day_of_week, played_time) VALUES (551, 1, '1卓', true, 269, '2026-04-21', '火曜', '11:30');
INSERT INTO public.tables_info (id, round_number, table_name, done, tournament_id, played_date, day_of_week, played_time) VALUES (552, 1, '2卓', true, 269, '2026-04-17', '金曜', '19:30');
INSERT INTO public.tables_info (id, round_number, table_name, done, tournament_id, played_date, day_of_week, played_time) VALUES (782, 1, '2卓', true, 330, '2026-04-18', '土曜', '16:00');
INSERT INTO public.tables_info (id, round_number, table_name, done, tournament_id, played_date, day_of_week, played_time) VALUES (783, 1, '3卓', true, 330, NULL, '', '');
INSERT INTO public.tables_info (id, round_number, table_name, done, tournament_id, played_date, day_of_week, played_time) VALUES (784, 1, '4卓', true, 330, NULL, '', '');
INSERT INTO public.tables_info (id, round_number, table_name, done, tournament_id, played_date, day_of_week, played_time) VALUES (785, 1, '5卓', true, 330, NULL, '', '');
INSERT INTO public.tables_info (id, round_number, table_name, done, tournament_id, played_date, day_of_week, played_time) VALUES (786, 1, '6卓', true, 330, NULL, '', '');
INSERT INTO public.tables_info (id, round_number, table_name, done, tournament_id, played_date, day_of_week, played_time) VALUES (787, 1, '7卓', true, 330, NULL, '', '');
INSERT INTO public.tables_info (id, round_number, table_name, done, tournament_id, played_date, day_of_week, played_time) VALUES (781, 1, '1卓', true, 330, '2026-04-14', '火曜', '01:46');
INSERT INTO public.tables_info (id, round_number, table_name, done, tournament_id, played_date, day_of_week, played_time) VALUES (90, 1, '1卓', true, 131, '2026-04-07', '火曜', '21:00');
INSERT INTO public.tables_info (id, round_number, table_name, done, tournament_id, played_date, day_of_week, played_time) VALUES (93, 1, '4卓', true, 131, '2026-04-18', '土曜', '19:00');
INSERT INTO public.tables_info (id, round_number, table_name, done, tournament_id, played_date, day_of_week, played_time) VALUES (91, 1, '2卓', true, 131, '2026-04-07', '火曜', '12:58');
INSERT INTO public.tables_info (id, round_number, table_name, done, tournament_id, played_date, day_of_week, played_time) VALUES (92, 1, '3卓', true, 131, '2026-04-18', '土曜', '19:30');
INSERT INTO public.tables_info (id, round_number, table_name, done, tournament_id, played_date, day_of_week, played_time) VALUES (374, 1, '1卓', true, 40, '2026-04-16', '木曜', '18:30');
INSERT INTO public.tables_info (id, round_number, table_name, done, tournament_id, played_date, day_of_week, played_time) VALUES (157, 1, '1卓', true, 144, '2026-04-13', '月曜', '14:00');
INSERT INTO public.tables_info (id, round_number, table_name, done, tournament_id, played_date, day_of_week, played_time) VALUES (158, 1, '2卓', true, 144, '2026-04-14', '火曜', '20:00');
INSERT INTO public.tables_info (id, round_number, table_name, done, tournament_id, played_date, day_of_week, played_time) VALUES (159, 1, '3卓', true, 144, '2026-04-17', '金曜', '19:00');
INSERT INTO public.tables_info (id, round_number, table_name, done, tournament_id, played_date, day_of_week, played_time) VALUES (160, 1, '4卓', true, 144, '2026-04-11', '土曜', '21:00');
INSERT INTO public.tables_info (id, round_number, table_name, done, tournament_id, played_date, day_of_week, played_time) VALUES (389, 1, '1卓', true, 236, '2026-04-11', '土曜', '10:30');
INSERT INTO public.tables_info (id, round_number, table_name, done, tournament_id, played_date, day_of_week, played_time) VALUES (390, 1, '2卓', true, 236, '2026-04-19', '日曜', '12:30');
INSERT INTO public.tables_info (id, round_number, table_name, done, tournament_id, played_date, day_of_week, played_time) VALUES (391, 2, '1卓', true, 236, '2026-04-20', '月曜', '18:30');
INSERT INTO public.tables_info (id, round_number, table_name, done, tournament_id, played_date, day_of_week, played_time) VALUES (175, 1, '1卓', true, 148, '2026-04-20', '月曜', '20:00');
INSERT INTO public.tables_info (id, round_number, table_name, done, tournament_id, played_date, day_of_week, played_time) VALUES (176, 1, '2卓', true, 148, '2026-04-14', '火曜', '20:00');
INSERT INTO public.tables_info (id, round_number, table_name, done, tournament_id, played_date, day_of_week, played_time) VALUES (392, 1, '1卓', true, 237, '2026-04-20', '月曜', '21:00');
INSERT INTO public.tables_info (id, round_number, table_name, done, tournament_id, played_date, day_of_week, played_time) VALUES (177, 1, '3卓', true, 148, '2026-04-17', '金曜', '20:30');
INSERT INTO public.tables_info (id, round_number, table_name, done, tournament_id, played_date, day_of_week, played_time) VALUES (393, 1, '2卓', true, 237, '2026-04-18', '土曜', '11:30');
INSERT INTO public.tables_info (id, round_number, table_name, done, tournament_id, played_date, day_of_week, played_time) VALUES (178, 1, '4卓', true, 148, '2026-04-08', '水曜', '19:30');
INSERT INTO public.tables_info (id, round_number, table_name, done, tournament_id, played_date, day_of_week, played_time) VALUES (287, 1, '1卓', true, 168, '2026-04-12', '日曜', '14:30');
INSERT INTO public.tables_info (id, round_number, table_name, done, tournament_id, played_date, day_of_week, played_time) VALUES (367, 1, '2卓', false, 220, NULL, '', '');
INSERT INTO public.tables_info (id, round_number, table_name, done, tournament_id, played_date, day_of_week, played_time) VALUES (368, 1, '3卓', false, 220, NULL, '', '');
INSERT INTO public.tables_info (id, round_number, table_name, done, tournament_id, played_date, day_of_week, played_time) VALUES (369, 1, '4卓', false, 220, NULL, '', '');
INSERT INTO public.tables_info (id, round_number, table_name, done, tournament_id, played_date, day_of_week, played_time) VALUES (370, 1, '5卓', false, 220, NULL, '', '');
INSERT INTO public.tables_info (id, round_number, table_name, done, tournament_id, played_date, day_of_week, played_time) VALUES (214, 2, '1卓', true, 148, '2026-04-16', '木曜', '15:00');
INSERT INTO public.tables_info (id, round_number, table_name, done, tournament_id, played_date, day_of_week, played_time) VALUES (215, 2, '2卓', true, 148, '2026-04-21', '火曜', '14:30');
INSERT INTO public.tables_info (id, round_number, table_name, done, tournament_id, played_date, day_of_week, played_time) VALUES (371, 1, '6卓', false, 220, NULL, '', '');
INSERT INTO public.tables_info (id, round_number, table_name, done, tournament_id, played_date, day_of_week, played_time) VALUES (372, 1, '7卓', false, 220, NULL, '', '');
INSERT INTO public.tables_info (id, round_number, table_name, done, tournament_id, played_date, day_of_week, played_time) VALUES (366, 1, '1卓', true, 220, '2026-04-18', '土曜', '17:00');
INSERT INTO public.tables_info (id, round_number, table_name, done, tournament_id, played_date, day_of_week, played_time) VALUES (288, 1, '2卓', true, 168, '2026-04-21', '火曜', '14:30');
INSERT INTO public.tables_info (id, round_number, table_name, done, tournament_id, played_date, day_of_week, played_time) VALUES (415, 2, '1卓', false, 237, NULL, '', '');
INSERT INTO public.tables_info (id, round_number, table_name, done, tournament_id, played_date, day_of_week, played_time) VALUES (286, 3, '1卓', true, 148, '2026-04-11', '土曜', '14:30');


--
-- Data for Name: table_paifu_urls; Type: TABLE DATA; Schema: public; Owner: -
--

INSERT INTO public.table_paifu_urls (id, table_id, game_number, url) VALUES (1, 373, 1, 'https://example.com/paifu/rb90yvwzz6i6');
INSERT INTO public.table_paifu_urls (id, table_id, game_number, url) VALUES (2, 90, 1, 'https://test.example.com');
INSERT INTO public.table_paifu_urls (id, table_id, game_number, url) VALUES (3, 93, 1, 'https://example.com/paifu/8wnyhxxkp91i');
INSERT INTO public.table_paifu_urls (id, table_id, game_number, url) VALUES (4, 91, 1, 'https://example.com/paifu/96gf99otlzc3');
INSERT INTO public.table_paifu_urls (id, table_id, game_number, url) VALUES (5, 92, 1, 'https://example.com/paifu/gsw4dege6nz9');
INSERT INTO public.table_paifu_urls (id, table_id, game_number, url) VALUES (6, 374, 1, 'https://example.com/paifu/mpwokff0v0o4');
INSERT INTO public.table_paifu_urls (id, table_id, game_number, url) VALUES (7, 157, 1, 'https://example.com/paifu/x3m84r2dkdxx');
INSERT INTO public.table_paifu_urls (id, table_id, game_number, url) VALUES (8, 158, 1, 'https://example.com/paifu/r9fbasa2cbx7');
INSERT INTO public.table_paifu_urls (id, table_id, game_number, url) VALUES (9, 159, 1, 'https://example.com/paifu/jdggl0j3bzj7');
INSERT INTO public.table_paifu_urls (id, table_id, game_number, url) VALUES (10, 160, 1, 'https://example.com/paifu/75rrigghb6po');
INSERT INTO public.table_paifu_urls (id, table_id, game_number, url) VALUES (11, 389, 1, 'https://example.com/paifu/9k6kb47e40yn');
INSERT INTO public.table_paifu_urls (id, table_id, game_number, url) VALUES (12, 390, 1, 'https://example.com/paifu/s3fqr1vver4p');
INSERT INTO public.table_paifu_urls (id, table_id, game_number, url) VALUES (13, 391, 1, 'https://example.com/paifu/p82j0a3k4mxj');
INSERT INTO public.table_paifu_urls (id, table_id, game_number, url) VALUES (14, 175, 1, 'https://example.com/paifu/6bs7v8j2kr1t');
INSERT INTO public.table_paifu_urls (id, table_id, game_number, url) VALUES (15, 176, 1, 'https://example.com/paifu/0ejkpbinwv24');
INSERT INTO public.table_paifu_urls (id, table_id, game_number, url) VALUES (16, 177, 1, 'https://example.com/paifu/0nzdxlz89cst');
INSERT INTO public.table_paifu_urls (id, table_id, game_number, url) VALUES (17, 178, 1, 'https://example.com/paifu/z1veqo59kera');
INSERT INTO public.table_paifu_urls (id, table_id, game_number, url) VALUES (18, 287, 1, 'https://example.com/paifu/akyqc4ysgat7');
INSERT INTO public.table_paifu_urls (id, table_id, game_number, url) VALUES (19, 214, 1, 'https://example.com/paifu/18rnt80alxyi');
INSERT INTO public.table_paifu_urls (id, table_id, game_number, url) VALUES (20, 215, 1, 'https://example.com/paifu/s4n2v4viketo');
INSERT INTO public.table_paifu_urls (id, table_id, game_number, url) VALUES (21, 366, 1, 'https://example.com/paifu/4mrhvlgh6zvd');
INSERT INTO public.table_paifu_urls (id, table_id, game_number, url) VALUES (22, 288, 1, 'https://example.com/paifu/vdppxy4ryb6h');
INSERT INTO public.table_paifu_urls (id, table_id, game_number, url) VALUES (23, 286, 1, 'https://example.com/paifu/dfw1gfjhe19s');
INSERT INTO public.table_paifu_urls (id, table_id, game_number, url) VALUES (24, 392, 1, 'https://example.com/paifu/7b17bio3jkcv');
INSERT INTO public.table_paifu_urls (id, table_id, game_number, url) VALUES (25, 392, 2, 'https://example.com/paifu/pjewcs8o84w7');
INSERT INTO public.table_paifu_urls (id, table_id, game_number, url) VALUES (26, 393, 1, 'https://example.com/paifu/57z7k5zkjonz');
INSERT INTO public.table_paifu_urls (id, table_id, game_number, url) VALUES (27, 393, 2, 'https://example.com/paifu/dsqdzkyeh1ti');
INSERT INTO public.table_paifu_urls (id, table_id, game_number, url) VALUES (42, 549, 1, 'https://example.com/paifu/n6hdphu3fia6');
INSERT INTO public.table_paifu_urls (id, table_id, game_number, url) VALUES (43, 549, 2, 'https://example.com/paifu/tkfi8tm6qyur');
INSERT INTO public.table_paifu_urls (id, table_id, game_number, url) VALUES (44, 550, 1, 'https://example.com/paifu/ougpc5lojyce');
INSERT INTO public.table_paifu_urls (id, table_id, game_number, url) VALUES (45, 550, 2, 'https://example.com/paifu/y8arogyvxtnz');
INSERT INTO public.table_paifu_urls (id, table_id, game_number, url) VALUES (46, 551, 1, 'https://example.com/paifu/1sexcqlbe2cl');
INSERT INTO public.table_paifu_urls (id, table_id, game_number, url) VALUES (47, 551, 2, 'https://example.com/paifu/5gstmgz3hw9h');
INSERT INTO public.table_paifu_urls (id, table_id, game_number, url) VALUES (48, 552, 1, 'https://example.com/paifu/86ibzyzdqt13');
INSERT INTO public.table_paifu_urls (id, table_id, game_number, url) VALUES (49, 552, 2, 'https://example.com/paifu/ld465rc30bn4');
INSERT INTO public.table_paifu_urls (id, table_id, game_number, url) VALUES (64, 782, 1, 'https://example.com/paifu/ve83zjtj7n3q');
INSERT INTO public.table_paifu_urls (id, table_id, game_number, url) VALUES (65, 782, 2, 'https://example.com/paifu/1ecpzr1alp81');
INSERT INTO public.table_paifu_urls (id, table_id, game_number, url) VALUES (66, 783, 1, 'https://example.com/paifu/l4u97vu0xi0e');
INSERT INTO public.table_paifu_urls (id, table_id, game_number, url) VALUES (67, 783, 2, 'https://example.com/paifu/t4k83jezx6z0');
INSERT INTO public.table_paifu_urls (id, table_id, game_number, url) VALUES (68, 784, 1, 'https://example.com/paifu/om86u5ro4pbc');
INSERT INTO public.table_paifu_urls (id, table_id, game_number, url) VALUES (69, 784, 2, 'https://example.com/paifu/0h2vs09k3trn');
INSERT INTO public.table_paifu_urls (id, table_id, game_number, url) VALUES (70, 785, 1, 'https://example.com/paifu/9y8n8ej75kn7');
INSERT INTO public.table_paifu_urls (id, table_id, game_number, url) VALUES (71, 785, 2, 'https://example.com/paifu/wxmkz1rmx97s');
INSERT INTO public.table_paifu_urls (id, table_id, game_number, url) VALUES (72, 786, 1, 'https://example.com/paifu/0cyjeqf8ew4h');
INSERT INTO public.table_paifu_urls (id, table_id, game_number, url) VALUES (73, 786, 2, 'https://example.com/paifu/1oxvtkazy0v6');
INSERT INTO public.table_paifu_urls (id, table_id, game_number, url) VALUES (74, 787, 1, 'https://example.com/paifu/3c08qkejkqk5');
INSERT INTO public.table_paifu_urls (id, table_id, game_number, url) VALUES (75, 787, 2, 'https://example.com/paifu/rfu0ncvbbjc7');
INSERT INTO public.table_paifu_urls (id, table_id, game_number, url) VALUES (76, 781, 1, 'https://example.com/paifu/ejrp5pvqbbi6');
INSERT INTO public.table_paifu_urls (id, table_id, game_number, url) VALUES (77, 781, 2, 'https://example.com/paifu/a6inn4wmd1m0');


--
-- Data for Name: table_players; Type: TABLE DATA; Schema: public; Owner: -
--

INSERT INTO public.table_players (id, table_id, player_id, seat_order) VALUES (1, 1, 15, 4);
INSERT INTO public.table_players (id, table_id, player_id, seat_order) VALUES (2, 1, 13, 3);
INSERT INTO public.table_players (id, table_id, player_id, seat_order) VALUES (3, 1, 8, 2);
INSERT INTO public.table_players (id, table_id, player_id, seat_order) VALUES (4, 1, 2, 1);
INSERT INTO public.table_players (id, table_id, player_id, seat_order) VALUES (5, 2, 12, 4);
INSERT INTO public.table_players (id, table_id, player_id, seat_order) VALUES (6, 2, 18, 3);
INSERT INTO public.table_players (id, table_id, player_id, seat_order) VALUES (7, 2, 3, 2);
INSERT INTO public.table_players (id, table_id, player_id, seat_order) VALUES (8, 2, 11, 1);
INSERT INTO public.table_players (id, table_id, player_id, seat_order) VALUES (9, 3, 6, 4);
INSERT INTO public.table_players (id, table_id, player_id, seat_order) VALUES (10, 3, 16, 3);
INSERT INTO public.table_players (id, table_id, player_id, seat_order) VALUES (11, 3, 4, 2);
INSERT INTO public.table_players (id, table_id, player_id, seat_order) VALUES (12, 3, 5, 1);
INSERT INTO public.table_players (id, table_id, player_id, seat_order) VALUES (13, 4, 20, 4);
INSERT INTO public.table_players (id, table_id, player_id, seat_order) VALUES (14, 4, 17, 3);
INSERT INTO public.table_players (id, table_id, player_id, seat_order) VALUES (15, 4, 14, 2);
INSERT INTO public.table_players (id, table_id, player_id, seat_order) VALUES (16, 4, 7, 1);
INSERT INTO public.table_players (id, table_id, player_id, seat_order) VALUES (17, 5, 10, 4);
INSERT INTO public.table_players (id, table_id, player_id, seat_order) VALUES (18, 5, 19, 3);
INSERT INTO public.table_players (id, table_id, player_id, seat_order) VALUES (19, 5, 1, 2);
INSERT INTO public.table_players (id, table_id, player_id, seat_order) VALUES (20, 5, 9, 1);
INSERT INTO public.table_players (id, table_id, player_id, seat_order) VALUES (21, 6, 12, 4);
INSERT INTO public.table_players (id, table_id, player_id, seat_order) VALUES (22, 6, 19, 3);
INSERT INTO public.table_players (id, table_id, player_id, seat_order) VALUES (23, 6, 4, 2);
INSERT INTO public.table_players (id, table_id, player_id, seat_order) VALUES (24, 6, 2, 1);
INSERT INTO public.table_players (id, table_id, player_id, seat_order) VALUES (25, 7, 20, 4);
INSERT INTO public.table_players (id, table_id, player_id, seat_order) VALUES (26, 7, 9, 3);
INSERT INTO public.table_players (id, table_id, player_id, seat_order) VALUES (27, 7, 6, 2);
INSERT INTO public.table_players (id, table_id, player_id, seat_order) VALUES (28, 7, 11, 1);
INSERT INTO public.table_players (id, table_id, player_id, seat_order) VALUES (29, 8, 15, 4);
INSERT INTO public.table_players (id, table_id, player_id, seat_order) VALUES (30, 8, 10, 3);
INSERT INTO public.table_players (id, table_id, player_id, seat_order) VALUES (31, 8, 17, 2);
INSERT INTO public.table_players (id, table_id, player_id, seat_order) VALUES (32, 8, 5, 1);
INSERT INTO public.table_players (id, table_id, player_id, seat_order) VALUES (33, 9, 14, 4);
INSERT INTO public.table_players (id, table_id, player_id, seat_order) VALUES (34, 9, 3, 3);
INSERT INTO public.table_players (id, table_id, player_id, seat_order) VALUES (35, 9, 1, 2);
INSERT INTO public.table_players (id, table_id, player_id, seat_order) VALUES (36, 9, 7, 1);
INSERT INTO public.table_players (id, table_id, player_id, seat_order) VALUES (37, 10, 14, 4);
INSERT INTO public.table_players (id, table_id, player_id, seat_order) VALUES (38, 10, 6, 3);
INSERT INTO public.table_players (id, table_id, player_id, seat_order) VALUES (39, 10, 4, 2);
INSERT INTO public.table_players (id, table_id, player_id, seat_order) VALUES (40, 10, 9, 1);
INSERT INTO public.table_players (id, table_id, player_id, seat_order) VALUES (41, 11, 10, 4);
INSERT INTO public.table_players (id, table_id, player_id, seat_order) VALUES (42, 11, 17, 3);
INSERT INTO public.table_players (id, table_id, player_id, seat_order) VALUES (43, 11, 7, 2);
INSERT INTO public.table_players (id, table_id, player_id, seat_order) VALUES (44, 11, 2, 1);
INSERT INTO public.table_players (id, table_id, player_id, seat_order) VALUES (45, 12, 5, 4);
INSERT INTO public.table_players (id, table_id, player_id, seat_order) VALUES (46, 12, 3, 3);
INSERT INTO public.table_players (id, table_id, player_id, seat_order) VALUES (47, 12, 20, 2);
INSERT INTO public.table_players (id, table_id, player_id, seat_order) VALUES (48, 12, 1, 1);
INSERT INTO public.table_players (id, table_id, player_id, seat_order) VALUES (2866, 781, 173, 1);
INSERT INTO public.table_players (id, table_id, player_id, seat_order) VALUES (2867, 781, 14, 2);
INSERT INTO public.table_players (id, table_id, player_id, seat_order) VALUES (2868, 781, 7, 3);
INSERT INTO public.table_players (id, table_id, player_id, seat_order) VALUES (2869, 781, 13, 4);
INSERT INTO public.table_players (id, table_id, player_id, seat_order) VALUES (2870, 782, 5, 1);
INSERT INTO public.table_players (id, table_id, player_id, seat_order) VALUES (2871, 782, 12, 2);
INSERT INTO public.table_players (id, table_id, player_id, seat_order) VALUES (2872, 782, 10, 3);
INSERT INTO public.table_players (id, table_id, player_id, seat_order) VALUES (2873, 782, 16, 4);
INSERT INTO public.table_players (id, table_id, player_id, seat_order) VALUES (57, 15, 4, 1);
INSERT INTO public.table_players (id, table_id, player_id, seat_order) VALUES (58, 15, 2, 2);
INSERT INTO public.table_players (id, table_id, player_id, seat_order) VALUES (59, 15, 3, 3);
INSERT INTO public.table_players (id, table_id, player_id, seat_order) VALUES (60, 15, 10, 4);
INSERT INTO public.table_players (id, table_id, player_id, seat_order) VALUES (2874, 783, 25, 1);
INSERT INTO public.table_players (id, table_id, player_id, seat_order) VALUES (2875, 783, 26, 2);
INSERT INTO public.table_players (id, table_id, player_id, seat_order) VALUES (2876, 783, 174, 3);
INSERT INTO public.table_players (id, table_id, player_id, seat_order) VALUES (2877, 783, 172, 4);
INSERT INTO public.table_players (id, table_id, player_id, seat_order) VALUES (2878, 784, 24, 1);
INSERT INTO public.table_players (id, table_id, player_id, seat_order) VALUES (2879, 784, 20, 2);
INSERT INTO public.table_players (id, table_id, player_id, seat_order) VALUES (2880, 784, 1, 3);
INSERT INTO public.table_players (id, table_id, player_id, seat_order) VALUES (2881, 784, 6, 4);
INSERT INTO public.table_players (id, table_id, player_id, seat_order) VALUES (2882, 785, 17, 1);
INSERT INTO public.table_players (id, table_id, player_id, seat_order) VALUES (2883, 785, 11, 2);
INSERT INTO public.table_players (id, table_id, player_id, seat_order) VALUES (2884, 785, 15, 3);
INSERT INTO public.table_players (id, table_id, player_id, seat_order) VALUES (2885, 785, 4, 4);
INSERT INTO public.table_players (id, table_id, player_id, seat_order) VALUES (2886, 786, 9, 1);
INSERT INTO public.table_players (id, table_id, player_id, seat_order) VALUES (2887, 786, 8, 2);
INSERT INTO public.table_players (id, table_id, player_id, seat_order) VALUES (2888, 786, 19, 3);
INSERT INTO public.table_players (id, table_id, player_id, seat_order) VALUES (2889, 786, 3, 4);
INSERT INTO public.table_players (id, table_id, player_id, seat_order) VALUES (2890, 787, 2, 1);
INSERT INTO public.table_players (id, table_id, player_id, seat_order) VALUES (2891, 787, 18, 2);
INSERT INTO public.table_players (id, table_id, player_id, seat_order) VALUES (1352, 374, 6, 1);
INSERT INTO public.table_players (id, table_id, player_id, seat_order) VALUES (1353, 374, 1, 2);
INSERT INTO public.table_players (id, table_id, player_id, seat_order) VALUES (1354, 374, 2, 3);
INSERT INTO public.table_players (id, table_id, player_id, seat_order) VALUES (1355, 374, 20, 4);
INSERT INTO public.table_players (id, table_id, player_id, seat_order) VALUES (1406, 389, 20, 1);
INSERT INTO public.table_players (id, table_id, player_id, seat_order) VALUES (1407, 389, 1, 2);
INSERT INTO public.table_players (id, table_id, player_id, seat_order) VALUES (1408, 389, 3, 3);
INSERT INTO public.table_players (id, table_id, player_id, seat_order) VALUES (1409, 389, 8, 4);
INSERT INTO public.table_players (id, table_id, player_id, seat_order) VALUES (1410, 390, 6, 1);
INSERT INTO public.table_players (id, table_id, player_id, seat_order) VALUES (1411, 390, 18, 2);
INSERT INTO public.table_players (id, table_id, player_id, seat_order) VALUES (1412, 390, 2, 3);
INSERT INTO public.table_players (id, table_id, player_id, seat_order) VALUES (1413, 390, 10, 4);
INSERT INTO public.table_players (id, table_id, player_id, seat_order) VALUES (306, 83, 4, 2);
INSERT INTO public.table_players (id, table_id, player_id, seat_order) VALUES (307, 83, 16, 3);
INSERT INTO public.table_players (id, table_id, player_id, seat_order) VALUES (308, 83, 14, 4);
INSERT INTO public.table_players (id, table_id, player_id, seat_order) VALUES (309, 84, 20, 1);
INSERT INTO public.table_players (id, table_id, player_id, seat_order) VALUES (310, 84, 6, 2);
INSERT INTO public.table_players (id, table_id, player_id, seat_order) VALUES (311, 84, 10, 3);
INSERT INTO public.table_players (id, table_id, player_id, seat_order) VALUES (312, 84, 13, 4);
INSERT INTO public.table_players (id, table_id, player_id, seat_order) VALUES (313, 85, 8, 1);
INSERT INTO public.table_players (id, table_id, player_id, seat_order) VALUES (314, 85, 2, 2);
INSERT INTO public.table_players (id, table_id, player_id, seat_order) VALUES (315, 85, 7, 3);
INSERT INTO public.table_players (id, table_id, player_id, seat_order) VALUES (316, 85, 1, 4);
INSERT INTO public.table_players (id, table_id, player_id, seat_order) VALUES (318, 86, 3, 2);
INSERT INTO public.table_players (id, table_id, player_id, seat_order) VALUES (319, 86, 5, 3);
INSERT INTO public.table_players (id, table_id, player_id, seat_order) VALUES (320, 86, 17, 4);
INSERT INTO public.table_players (id, table_id, player_id, seat_order) VALUES (321, 87, 26, 1);
INSERT INTO public.table_players (id, table_id, player_id, seat_order) VALUES (322, 87, 9, 2);
INSERT INTO public.table_players (id, table_id, player_id, seat_order) VALUES (323, 87, 18, 3);
INSERT INTO public.table_players (id, table_id, player_id, seat_order) VALUES (324, 87, 24, 4);
INSERT INTO public.table_players (id, table_id, player_id, seat_order) VALUES (325, 88, 11, 1);
INSERT INTO public.table_players (id, table_id, player_id, seat_order) VALUES (326, 88, 12, 2);
INSERT INTO public.table_players (id, table_id, player_id, seat_order) VALUES (327, 88, 19, 3);
INSERT INTO public.table_players (id, table_id, player_id, seat_order) VALUES (328, 88, 15, 4);
INSERT INTO public.table_players (id, table_id, player_id, seat_order) VALUES (329, 89, 25, 1);
INSERT INTO public.table_players (id, table_id, player_id, seat_order) VALUES (330, 90, 6, 1);
INSERT INTO public.table_players (id, table_id, player_id, seat_order) VALUES (331, 90, 1, 2);
INSERT INTO public.table_players (id, table_id, player_id, seat_order) VALUES (332, 90, 20, 3);
INSERT INTO public.table_players (id, table_id, player_id, seat_order) VALUES (333, 90, 19, 4);
INSERT INTO public.table_players (id, table_id, player_id, seat_order) VALUES (334, 91, 9, 1);
INSERT INTO public.table_players (id, table_id, player_id, seat_order) VALUES (335, 91, 7, 2);
INSERT INTO public.table_players (id, table_id, player_id, seat_order) VALUES (336, 91, 5, 3);
INSERT INTO public.table_players (id, table_id, player_id, seat_order) VALUES (337, 91, 2, 4);
INSERT INTO public.table_players (id, table_id, player_id, seat_order) VALUES (338, 92, 4, 1);
INSERT INTO public.table_players (id, table_id, player_id, seat_order) VALUES (339, 92, 13, 2);
INSERT INTO public.table_players (id, table_id, player_id, seat_order) VALUES (340, 92, 15, 3);
INSERT INTO public.table_players (id, table_id, player_id, seat_order) VALUES (341, 92, 11, 4);
INSERT INTO public.table_players (id, table_id, player_id, seat_order) VALUES (342, 93, 3, 1);
INSERT INTO public.table_players (id, table_id, player_id, seat_order) VALUES (343, 93, 18, 2);
INSERT INTO public.table_players (id, table_id, player_id, seat_order) VALUES (344, 93, 10, 3);
INSERT INTO public.table_players (id, table_id, player_id, seat_order) VALUES (345, 93, 16, 4);
INSERT INTO public.table_players (id, table_id, player_id, seat_order) VALUES (1414, 391, 2, 1);
INSERT INTO public.table_players (id, table_id, player_id, seat_order) VALUES (1415, 391, 20, 2);
INSERT INTO public.table_players (id, table_id, player_id, seat_order) VALUES (1416, 391, 8, 3);
INSERT INTO public.table_players (id, table_id, player_id, seat_order) VALUES (1417, 391, 18, 4);
INSERT INTO public.table_players (id, table_id, player_id, seat_order) VALUES (1418, 392, 20, 1);
INSERT INTO public.table_players (id, table_id, player_id, seat_order) VALUES (1419, 392, 13, 2);
INSERT INTO public.table_players (id, table_id, player_id, seat_order) VALUES (1420, 392, 2, 3);
INSERT INTO public.table_players (id, table_id, player_id, seat_order) VALUES (1421, 392, 1, 4);
INSERT INTO public.table_players (id, table_id, player_id, seat_order) VALUES (1422, 393, 3, 1);
INSERT INTO public.table_players (id, table_id, player_id, seat_order) VALUES (1423, 393, 11, 2);
INSERT INTO public.table_players (id, table_id, player_id, seat_order) VALUES (1424, 393, 6, 3);
INSERT INTO public.table_players (id, table_id, player_id, seat_order) VALUES (1425, 393, 10, 4);
INSERT INTO public.table_players (id, table_id, player_id, seat_order) VALUES (1323, 366, 4, 1);
INSERT INTO public.table_players (id, table_id, player_id, seat_order) VALUES (1324, 366, 13, 2);
INSERT INTO public.table_players (id, table_id, player_id, seat_order) VALUES (1325, 366, 15, 3);
INSERT INTO public.table_players (id, table_id, player_id, seat_order) VALUES (1326, 366, 1, 4);
INSERT INTO public.table_players (id, table_id, player_id, seat_order) VALUES (1327, 367, 6, 1);
INSERT INTO public.table_players (id, table_id, player_id, seat_order) VALUES (1328, 367, 18, 2);
INSERT INTO public.table_players (id, table_id, player_id, seat_order) VALUES (1329, 367, 14, 3);
INSERT INTO public.table_players (id, table_id, player_id, seat_order) VALUES (1331, 368, 17, 1);
INSERT INTO public.table_players (id, table_id, player_id, seat_order) VALUES (1332, 368, 3, 2);
INSERT INTO public.table_players (id, table_id, player_id, seat_order) VALUES (1333, 368, 11, 3);
INSERT INTO public.table_players (id, table_id, player_id, seat_order) VALUES (1334, 368, 7, 4);
INSERT INTO public.table_players (id, table_id, player_id, seat_order) VALUES (1335, 369, 9, 1);
INSERT INTO public.table_players (id, table_id, player_id, seat_order) VALUES (1336, 369, 2, 2);
INSERT INTO public.table_players (id, table_id, player_id, seat_order) VALUES (1337, 369, 24, 3);
INSERT INTO public.table_players (id, table_id, player_id, seat_order) VALUES (1338, 369, 12, 4);
INSERT INTO public.table_players (id, table_id, player_id, seat_order) VALUES (1339, 370, 19, 1);
INSERT INTO public.table_players (id, table_id, player_id, seat_order) VALUES (1340, 370, 26, 2);
INSERT INTO public.table_players (id, table_id, player_id, seat_order) VALUES (1341, 370, 5, 3);
INSERT INTO public.table_players (id, table_id, player_id, seat_order) VALUES (1342, 370, 8, 4);
INSERT INTO public.table_players (id, table_id, player_id, seat_order) VALUES (1343, 371, 10, 1);
INSERT INTO public.table_players (id, table_id, player_id, seat_order) VALUES (1344, 371, 20, 2);
INSERT INTO public.table_players (id, table_id, player_id, seat_order) VALUES (1345, 371, 25, 3);
INSERT INTO public.table_players (id, table_id, player_id, seat_order) VALUES (1347, 372, 16, 1);
INSERT INTO public.table_players (id, table_id, player_id, seat_order) VALUES (1980, 549, 1, 1);
INSERT INTO public.table_players (id, table_id, player_id, seat_order) VALUES (1981, 549, 2, 2);
INSERT INTO public.table_players (id, table_id, player_id, seat_order) VALUES (1982, 549, 13, 3);
INSERT INTO public.table_players (id, table_id, player_id, seat_order) VALUES (1983, 549, 20, 4);
INSERT INTO public.table_players (id, table_id, player_id, seat_order) VALUES (1984, 550, 5, 1);
INSERT INTO public.table_players (id, table_id, player_id, seat_order) VALUES (1985, 550, 16, 2);
INSERT INTO public.table_players (id, table_id, player_id, seat_order) VALUES (1986, 550, 6, 3);
INSERT INTO public.table_players (id, table_id, player_id, seat_order) VALUES (1987, 551, 15, 1);
INSERT INTO public.table_players (id, table_id, player_id, seat_order) VALUES (1988, 551, 4, 2);
INSERT INTO public.table_players (id, table_id, player_id, seat_order) VALUES (1989, 551, 9, 3);
INSERT INTO public.table_players (id, table_id, player_id, seat_order) VALUES (1990, 551, 11, 4);
INSERT INTO public.table_players (id, table_id, player_id, seat_order) VALUES (1991, 552, 3, 1);
INSERT INTO public.table_players (id, table_id, player_id, seat_order) VALUES (1992, 552, 19, 2);
INSERT INTO public.table_players (id, table_id, player_id, seat_order) VALUES (1993, 552, 13, 3);
INSERT INTO public.table_players (id, table_id, player_id, seat_order) VALUES (1994, 552, 7, 4);
INSERT INTO public.table_players (id, table_id, player_id, seat_order) VALUES (1348, 373, 6, 1);
INSERT INTO public.table_players (id, table_id, player_id, seat_order) VALUES (1349, 373, 2, 2);
INSERT INTO public.table_players (id, table_id, player_id, seat_order) VALUES (1350, 373, 11, 3);
INSERT INTO public.table_players (id, table_id, player_id, seat_order) VALUES (1351, 373, 7, 4);
INSERT INTO public.table_players (id, table_id, player_id, seat_order) VALUES (1501, 415, 6, 1);
INSERT INTO public.table_players (id, table_id, player_id, seat_order) VALUES (1502, 415, 1, 2);
INSERT INTO public.table_players (id, table_id, player_id, seat_order) VALUES (1503, 415, 2, 3);
INSERT INTO public.table_players (id, table_id, player_id, seat_order) VALUES (1504, 415, 11, 4);
INSERT INTO public.table_players (id, table_id, player_id, seat_order) VALUES (571, 157, 20, 1);
INSERT INTO public.table_players (id, table_id, player_id, seat_order) VALUES (572, 157, 3, 2);
INSERT INTO public.table_players (id, table_id, player_id, seat_order) VALUES (573, 157, 7, 3);
INSERT INTO public.table_players (id, table_id, player_id, seat_order) VALUES (574, 157, 4, 4);
INSERT INTO public.table_players (id, table_id, player_id, seat_order) VALUES (575, 158, 11, 1);
INSERT INTO public.table_players (id, table_id, player_id, seat_order) VALUES (576, 158, 16, 2);
INSERT INTO public.table_players (id, table_id, player_id, seat_order) VALUES (577, 158, 2, 3);
INSERT INTO public.table_players (id, table_id, player_id, seat_order) VALUES (578, 158, 19, 4);
INSERT INTO public.table_players (id, table_id, player_id, seat_order) VALUES (579, 159, 5, 1);
INSERT INTO public.table_players (id, table_id, player_id, seat_order) VALUES (580, 159, 9, 2);
INSERT INTO public.table_players (id, table_id, player_id, seat_order) VALUES (581, 159, 6, 3);
INSERT INTO public.table_players (id, table_id, player_id, seat_order) VALUES (582, 159, 15, 4);
INSERT INTO public.table_players (id, table_id, player_id, seat_order) VALUES (583, 160, 1, 1);
INSERT INTO public.table_players (id, table_id, player_id, seat_order) VALUES (584, 160, 18, 2);
INSERT INTO public.table_players (id, table_id, player_id, seat_order) VALUES (585, 160, 10, 3);
INSERT INTO public.table_players (id, table_id, player_id, seat_order) VALUES (586, 160, 13, 4);
INSERT INTO public.table_players (id, table_id, player_id, seat_order) VALUES (637, 175, 9, 1);
INSERT INTO public.table_players (id, table_id, player_id, seat_order) VALUES (638, 175, 18, 2);
INSERT INTO public.table_players (id, table_id, player_id, seat_order) VALUES (639, 175, 7, 3);
INSERT INTO public.table_players (id, table_id, player_id, seat_order) VALUES (640, 175, 20, 4);
INSERT INTO public.table_players (id, table_id, player_id, seat_order) VALUES (641, 176, 16, 1);
INSERT INTO public.table_players (id, table_id, player_id, seat_order) VALUES (642, 176, 13, 2);
INSERT INTO public.table_players (id, table_id, player_id, seat_order) VALUES (643, 176, 11, 3);
INSERT INTO public.table_players (id, table_id, player_id, seat_order) VALUES (644, 176, 15, 4);
INSERT INTO public.table_players (id, table_id, player_id, seat_order) VALUES (645, 177, 8, 1);
INSERT INTO public.table_players (id, table_id, player_id, seat_order) VALUES (646, 177, 5, 2);
INSERT INTO public.table_players (id, table_id, player_id, seat_order) VALUES (647, 177, 2, 3);
INSERT INTO public.table_players (id, table_id, player_id, seat_order) VALUES (648, 177, 6, 4);
INSERT INTO public.table_players (id, table_id, player_id, seat_order) VALUES (649, 178, 4, 1);
INSERT INTO public.table_players (id, table_id, player_id, seat_order) VALUES (650, 178, 3, 2);
INSERT INTO public.table_players (id, table_id, player_id, seat_order) VALUES (651, 178, 1, 3);
INSERT INTO public.table_players (id, table_id, player_id, seat_order) VALUES (652, 178, 19, 4);
INSERT INTO public.table_players (id, table_id, player_id, seat_order) VALUES (778, 214, 15, 1);
INSERT INTO public.table_players (id, table_id, player_id, seat_order) VALUES (779, 214, 4, 2);
INSERT INTO public.table_players (id, table_id, player_id, seat_order) VALUES (780, 214, 20, 3);
INSERT INTO public.table_players (id, table_id, player_id, seat_order) VALUES (781, 214, 8, 4);
INSERT INTO public.table_players (id, table_id, player_id, seat_order) VALUES (782, 215, 11, 1);
INSERT INTO public.table_players (id, table_id, player_id, seat_order) VALUES (783, 215, 9, 2);
INSERT INTO public.table_players (id, table_id, player_id, seat_order) VALUES (784, 215, 3, 3);
INSERT INTO public.table_players (id, table_id, player_id, seat_order) VALUES (785, 215, 2, 4);
INSERT INTO public.table_players (id, table_id, player_id, seat_order) VALUES (1036, 286, 2, 1);
INSERT INTO public.table_players (id, table_id, player_id, seat_order) VALUES (1037, 286, 11, 2);
INSERT INTO public.table_players (id, table_id, player_id, seat_order) VALUES (1038, 286, 4, 3);
INSERT INTO public.table_players (id, table_id, player_id, seat_order) VALUES (1039, 286, 15, 4);
INSERT INTO public.table_players (id, table_id, player_id, seat_order) VALUES (1040, 287, 13, 1);
INSERT INTO public.table_players (id, table_id, player_id, seat_order) VALUES (1041, 287, 7, 2);
INSERT INTO public.table_players (id, table_id, player_id, seat_order) VALUES (1042, 287, 6, 3);
INSERT INTO public.table_players (id, table_id, player_id, seat_order) VALUES (1043, 287, 20, 4);
INSERT INTO public.table_players (id, table_id, player_id, seat_order) VALUES (1044, 288, 2, 1);
INSERT INTO public.table_players (id, table_id, player_id, seat_order) VALUES (1045, 288, 3, 2);
INSERT INTO public.table_players (id, table_id, player_id, seat_order) VALUES (1046, 288, 10, 3);
INSERT INTO public.table_players (id, table_id, player_id, seat_order) VALUES (1047, 288, 11, 4);


--
-- Data for Name: tournament_meta; Type: TABLE DATA; Schema: public; Owner: -
--

INSERT INTO public.tournament_meta (key, value, tournament_id) VALUES ('total_players', '20', 1);
INSERT INTO public.tournament_meta (key, value, tournament_id) VALUES ('round_1_is_final', '0', 330);
INSERT INTO public.tournament_meta (key, value, tournament_id) VALUES ('round_1_advance_count', '2', 330);
INSERT INTO public.tournament_meta (key, value, tournament_id) VALUES ('round_1_advance_mode', 'per_table', 330);
INSERT INTO public.tournament_meta (key, value, tournament_id) VALUES ('round_1_game_count', '2', 330);
INSERT INTO public.tournament_meta (key, value, tournament_id) VALUES ('current_round', '4', 1);
INSERT INTO public.tournament_meta (key, value, tournament_id) VALUES ('remaining_players', '1', 1);
INSERT INTO public.tournament_meta (key, value, tournament_id) VALUES ('round_1_game_type', 'hanchan', 330);
INSERT INTO public.tournament_meta (key, value, tournament_id) VALUES ('event_type', 'saikyoi', 451);
INSERT INTO public.tournament_meta (key, value, tournament_id) VALUES ('player_mode', '4', 451);
INSERT INTO public.tournament_meta (key, value, tournament_id) VALUES ('round_type', 'hanchan', 451);
INSERT INTO public.tournament_meta (key, value, tournament_id) VALUES ('thinking_time', '5+20', 451);
INSERT INTO public.tournament_meta (key, value, tournament_id) VALUES ('starting_points', '25000', 451);
INSERT INTO public.tournament_meta (key, value, tournament_id) VALUES ('event_type', 'saikyoi', 237);
INSERT INTO public.tournament_meta (key, value, tournament_id) VALUES ('player_mode', '4', 237);
INSERT INTO public.tournament_meta (key, value, tournament_id) VALUES ('round_type', 'hanchan', 237);
INSERT INTO public.tournament_meta (key, value, tournament_id) VALUES ('thinking_time', '5+20', 237);
INSERT INTO public.tournament_meta (key, value, tournament_id) VALUES ('starting_points', '25000', 237);
INSERT INTO public.tournament_meta (key, value, tournament_id) VALUES ('return_points', '30000', 237);
INSERT INTO public.tournament_meta (key, value, tournament_id) VALUES ('red_dora', '3', 237);
INSERT INTO public.tournament_meta (key, value, tournament_id) VALUES ('open_tanyao', '1', 237);
INSERT INTO public.tournament_meta (key, value, tournament_id) VALUES ('han_restriction', '1', 237);
INSERT INTO public.tournament_meta (key, value, tournament_id) VALUES ('bust', '0', 237);
INSERT INTO public.tournament_meta (key, value, tournament_id) VALUES ('event_type', 'masters', 220);
INSERT INTO public.tournament_meta (key, value, tournament_id) VALUES ('player_mode', '4', 220);
INSERT INTO public.tournament_meta (key, value, tournament_id) VALUES ('round_type', 'hanchan', 220);
INSERT INTO public.tournament_meta (key, value, tournament_id) VALUES ('thinking_time', '5+20', 220);
INSERT INTO public.tournament_meta (key, value, tournament_id) VALUES ('starting_points', '25000', 220);
INSERT INTO public.tournament_meta (key, value, tournament_id) VALUES ('return_points', '30000', 220);
INSERT INTO public.tournament_meta (key, value, tournament_id) VALUES ('red_dora', '3', 220);
INSERT INTO public.tournament_meta (key, value, tournament_id) VALUES ('open_tanyao', '1', 220);
INSERT INTO public.tournament_meta (key, value, tournament_id) VALUES ('han_restriction', '1', 220);
INSERT INTO public.tournament_meta (key, value, tournament_id) VALUES ('bust', '0', 220);
INSERT INTO public.tournament_meta (key, value, tournament_id) VALUES ('round_1_is_final', '0', 237);
INSERT INTO public.tournament_meta (key, value, tournament_id) VALUES ('round_1_advance_count', '2', 237);
INSERT INTO public.tournament_meta (key, value, tournament_id) VALUES ('round_1_game_count', '2', 237);
INSERT INTO public.tournament_meta (key, value, tournament_id) VALUES ('round_1_game_type', 'hanchan', 237);
INSERT INTO public.tournament_meta (key, value, tournament_id) VALUES ('return_points', '30000', 451);
INSERT INTO public.tournament_meta (key, value, tournament_id) VALUES ('red_dora', '3', 451);
INSERT INTO public.tournament_meta (key, value, tournament_id) VALUES ('open_tanyao', '1', 451);
INSERT INTO public.tournament_meta (key, value, tournament_id) VALUES ('han_restriction', '1', 451);
INSERT INTO public.tournament_meta (key, value, tournament_id) VALUES ('bust', '0', 451);
INSERT INTO public.tournament_meta (key, value, tournament_id) VALUES ('round_1_is_final', '0', 1);
INSERT INTO public.tournament_meta (key, value, tournament_id) VALUES ('round_2_is_final', '0', 1);
INSERT INTO public.tournament_meta (key, value, tournament_id) VALUES ('round_3_is_final', '0', 1);
INSERT INTO public.tournament_meta (key, value, tournament_id) VALUES ('round_4_is_final', '1', 1);
INSERT INTO public.tournament_meta (key, value, tournament_id) VALUES ('round_1_is_final', '0', 220);
INSERT INTO public.tournament_meta (key, value, tournament_id) VALUES ('round_1_advance_count', '2', 220);
INSERT INTO public.tournament_meta (key, value, tournament_id) VALUES ('round_1_game_count', '2', 220);
INSERT INTO public.tournament_meta (key, value, tournament_id) VALUES ('round_1_game_type', 'hanchan', 220);
INSERT INTO public.tournament_meta (key, value, tournament_id) VALUES ('event_type', 'saikyoi', 329);
INSERT INTO public.tournament_meta (key, value, tournament_id) VALUES ('player_mode', '4', 329);
INSERT INTO public.tournament_meta (key, value, tournament_id) VALUES ('round_type', 'hanchan', 329);
INSERT INTO public.tournament_meta (key, value, tournament_id) VALUES ('thinking_time', '5+20', 329);
INSERT INTO public.tournament_meta (key, value, tournament_id) VALUES ('starting_points', '25000', 329);
INSERT INTO public.tournament_meta (key, value, tournament_id) VALUES ('return_points', '30000', 329);
INSERT INTO public.tournament_meta (key, value, tournament_id) VALUES ('red_dora', '3', 329);
INSERT INTO public.tournament_meta (key, value, tournament_id) VALUES ('open_tanyao', '1', 329);
INSERT INTO public.tournament_meta (key, value, tournament_id) VALUES ('han_restriction', '1', 329);
INSERT INTO public.tournament_meta (key, value, tournament_id) VALUES ('round_2_is_final', '1', 168);
INSERT INTO public.tournament_meta (key, value, tournament_id) VALUES ('round_2_advance_count', '2', 168);
INSERT INTO public.tournament_meta (key, value, tournament_id) VALUES ('round_2_game_count', '2', 168);
INSERT INTO public.tournament_meta (key, value, tournament_id) VALUES ('round_2_game_type', 'hanchan', 168);
INSERT INTO public.tournament_meta (key, value, tournament_id) VALUES ('bust', '0', 329);
INSERT INTO public.tournament_meta (key, value, tournament_id) VALUES ('event_type', 'saikyoi', 330);
INSERT INTO public.tournament_meta (key, value, tournament_id) VALUES ('player_mode', '4', 330);
INSERT INTO public.tournament_meta (key, value, tournament_id) VALUES ('round_type', 'hanchan', 330);
INSERT INTO public.tournament_meta (key, value, tournament_id) VALUES ('thinking_time', '5+20', 330);
INSERT INTO public.tournament_meta (key, value, tournament_id) VALUES ('starting_points', '25000', 330);
INSERT INTO public.tournament_meta (key, value, tournament_id) VALUES ('return_points', '30000', 330);
INSERT INTO public.tournament_meta (key, value, tournament_id) VALUES ('red_dora', '3', 330);
INSERT INTO public.tournament_meta (key, value, tournament_id) VALUES ('open_tanyao', '1', 330);
INSERT INTO public.tournament_meta (key, value, tournament_id) VALUES ('han_restriction', '1', 330);
INSERT INTO public.tournament_meta (key, value, tournament_id) VALUES ('bust', '0', 330);
INSERT INTO public.tournament_meta (key, value, tournament_id) VALUES ('round_2_game_type', 'hanchan', 237);
INSERT INTO public.tournament_meta (key, value, tournament_id) VALUES ('event_type', 'saikyoi', 40);
INSERT INTO public.tournament_meta (key, value, tournament_id) VALUES ('player_mode', '4', 40);
INSERT INTO public.tournament_meta (key, value, tournament_id) VALUES ('round_type', 'hanchan', 40);
INSERT INTO public.tournament_meta (key, value, tournament_id) VALUES ('thinking_time', '5+20', 40);
INSERT INTO public.tournament_meta (key, value, tournament_id) VALUES ('starting_points', '25000', 40);
INSERT INTO public.tournament_meta (key, value, tournament_id) VALUES ('return_points', '30000', 40);
INSERT INTO public.tournament_meta (key, value, tournament_id) VALUES ('red_dora', '3', 40);
INSERT INTO public.tournament_meta (key, value, tournament_id) VALUES ('open_tanyao', '1', 40);
INSERT INTO public.tournament_meta (key, value, tournament_id) VALUES ('han_restriction', '1', 40);
INSERT INTO public.tournament_meta (key, value, tournament_id) VALUES ('bust', '0', 40);
INSERT INTO public.tournament_meta (key, value, tournament_id) VALUES ('round_1_is_final', '1', 40);
INSERT INTO public.tournament_meta (key, value, tournament_id) VALUES ('round_1_advance_count', '2', 40);
INSERT INTO public.tournament_meta (key, value, tournament_id) VALUES ('round_1_game_count', '2', 40);
INSERT INTO public.tournament_meta (key, value, tournament_id) VALUES ('round_1_game_type', 'hanchan', 40);
INSERT INTO public.tournament_meta (key, value, tournament_id) VALUES ('event_type', 'saikyoi', 236);
INSERT INTO public.tournament_meta (key, value, tournament_id) VALUES ('player_mode', '4', 236);
INSERT INTO public.tournament_meta (key, value, tournament_id) VALUES ('round_type', 'hanchan', 236);
INSERT INTO public.tournament_meta (key, value, tournament_id) VALUES ('thinking_time', '5+20', 236);
INSERT INTO public.tournament_meta (key, value, tournament_id) VALUES ('starting_points', '25000', 236);
INSERT INTO public.tournament_meta (key, value, tournament_id) VALUES ('return_points', '30000', 236);
INSERT INTO public.tournament_meta (key, value, tournament_id) VALUES ('red_dora', '3', 236);
INSERT INTO public.tournament_meta (key, value, tournament_id) VALUES ('open_tanyao', '1', 236);
INSERT INTO public.tournament_meta (key, value, tournament_id) VALUES ('han_restriction', '1', 236);
INSERT INTO public.tournament_meta (key, value, tournament_id) VALUES ('bust', '0', 236);
INSERT INTO public.tournament_meta (key, value, tournament_id) VALUES ('round_1_is_final', '0', 236);
INSERT INTO public.tournament_meta (key, value, tournament_id) VALUES ('round_1_advance_count', '2', 236);
INSERT INTO public.tournament_meta (key, value, tournament_id) VALUES ('round_1_game_count', '2', 236);
INSERT INTO public.tournament_meta (key, value, tournament_id) VALUES ('round_1_game_type', 'hanchan', 236);
INSERT INTO public.tournament_meta (key, value, tournament_id) VALUES ('round_2_is_final', '1', 236);
INSERT INTO public.tournament_meta (key, value, tournament_id) VALUES ('round_2_advance_count', '2', 236);
INSERT INTO public.tournament_meta (key, value, tournament_id) VALUES ('round_2_game_count', '2', 236);
INSERT INTO public.tournament_meta (key, value, tournament_id) VALUES ('round_2_game_type', 'hanchan', 236);
INSERT INTO public.tournament_meta (key, value, tournament_id) VALUES ('round_2_is_final', '1', 237);
INSERT INTO public.tournament_meta (key, value, tournament_id) VALUES ('round_2_advance_count', '2', 237);
INSERT INTO public.tournament_meta (key, value, tournament_id) VALUES ('round_2_game_count', '4', 237);
INSERT INTO public.tournament_meta (key, value, tournament_id) VALUES ('event_type', 'hooh', 111);
INSERT INTO public.tournament_meta (key, value, tournament_id) VALUES ('player_mode', '4', 111);
INSERT INTO public.tournament_meta (key, value, tournament_id) VALUES ('round_type', 'hanchan', 111);
INSERT INTO public.tournament_meta (key, value, tournament_id) VALUES ('thinking_time', '5+20', 111);
INSERT INTO public.tournament_meta (key, value, tournament_id) VALUES ('starting_points', '25000', 111);
INSERT INTO public.tournament_meta (key, value, tournament_id) VALUES ('return_points', '30000', 111);
INSERT INTO public.tournament_meta (key, value, tournament_id) VALUES ('red_dora', '3', 111);
INSERT INTO public.tournament_meta (key, value, tournament_id) VALUES ('open_tanyao', '1', 111);
INSERT INTO public.tournament_meta (key, value, tournament_id) VALUES ('han_restriction', '1', 111);
INSERT INTO public.tournament_meta (key, value, tournament_id) VALUES ('bust', '0', 111);
INSERT INTO public.tournament_meta (key, value, tournament_id) VALUES ('event_type', 'saikyoi', 114);
INSERT INTO public.tournament_meta (key, value, tournament_id) VALUES ('player_mode', '4', 114);
INSERT INTO public.tournament_meta (key, value, tournament_id) VALUES ('round_type', 'hanchan', 114);
INSERT INTO public.tournament_meta (key, value, tournament_id) VALUES ('thinking_time', '5+20', 114);
INSERT INTO public.tournament_meta (key, value, tournament_id) VALUES ('starting_points', '25000', 114);
INSERT INTO public.tournament_meta (key, value, tournament_id) VALUES ('return_points', '30000', 114);
INSERT INTO public.tournament_meta (key, value, tournament_id) VALUES ('red_dora', '3', 114);
INSERT INTO public.tournament_meta (key, value, tournament_id) VALUES ('open_tanyao', '1', 114);
INSERT INTO public.tournament_meta (key, value, tournament_id) VALUES ('han_restriction', '1', 114);
INSERT INTO public.tournament_meta (key, value, tournament_id) VALUES ('bust', '0', 114);
INSERT INTO public.tournament_meta (key, value, tournament_id) VALUES ('event_type', 'saikyoi', 115);
INSERT INTO public.tournament_meta (key, value, tournament_id) VALUES ('player_mode', '4', 115);
INSERT INTO public.tournament_meta (key, value, tournament_id) VALUES ('round_type', 'hanchan', 115);
INSERT INTO public.tournament_meta (key, value, tournament_id) VALUES ('thinking_time', '5+20', 115);
INSERT INTO public.tournament_meta (key, value, tournament_id) VALUES ('starting_points', '25000', 115);
INSERT INTO public.tournament_meta (key, value, tournament_id) VALUES ('return_points', '30000', 115);
INSERT INTO public.tournament_meta (key, value, tournament_id) VALUES ('red_dora', '3', 115);
INSERT INTO public.tournament_meta (key, value, tournament_id) VALUES ('open_tanyao', '1', 115);
INSERT INTO public.tournament_meta (key, value, tournament_id) VALUES ('han_restriction', '1', 115);
INSERT INTO public.tournament_meta (key, value, tournament_id) VALUES ('bust', '0', 115);
INSERT INTO public.tournament_meta (key, value, tournament_id) VALUES ('event_type', 'hyakudanisen', 131);
INSERT INTO public.tournament_meta (key, value, tournament_id) VALUES ('player_mode', '4', 131);
INSERT INTO public.tournament_meta (key, value, tournament_id) VALUES ('round_type', 'hanchan', 131);
INSERT INTO public.tournament_meta (key, value, tournament_id) VALUES ('thinking_time', '5+20', 131);
INSERT INTO public.tournament_meta (key, value, tournament_id) VALUES ('starting_points', '25000', 131);
INSERT INTO public.tournament_meta (key, value, tournament_id) VALUES ('return_points', '30000', 131);
INSERT INTO public.tournament_meta (key, value, tournament_id) VALUES ('red_dora', '3', 131);
INSERT INTO public.tournament_meta (key, value, tournament_id) VALUES ('open_tanyao', '1', 131);
INSERT INTO public.tournament_meta (key, value, tournament_id) VALUES ('han_restriction', '1', 131);
INSERT INTO public.tournament_meta (key, value, tournament_id) VALUES ('bust', '0', 131);
INSERT INTO public.tournament_meta (key, value, tournament_id) VALUES ('event_type', 'masters', 144);
INSERT INTO public.tournament_meta (key, value, tournament_id) VALUES ('player_mode', '4', 144);
INSERT INTO public.tournament_meta (key, value, tournament_id) VALUES ('round_type', 'hanchan', 144);
INSERT INTO public.tournament_meta (key, value, tournament_id) VALUES ('thinking_time', '5+20', 144);
INSERT INTO public.tournament_meta (key, value, tournament_id) VALUES ('starting_points', '25000', 144);
INSERT INTO public.tournament_meta (key, value, tournament_id) VALUES ('return_points', '30000', 144);
INSERT INTO public.tournament_meta (key, value, tournament_id) VALUES ('red_dora', '3', 144);
INSERT INTO public.tournament_meta (key, value, tournament_id) VALUES ('open_tanyao', '1', 144);
INSERT INTO public.tournament_meta (key, value, tournament_id) VALUES ('han_restriction', '1', 144);
INSERT INTO public.tournament_meta (key, value, tournament_id) VALUES ('bust', '0', 144);
INSERT INTO public.tournament_meta (key, value, tournament_id) VALUES ('round_1_is_final', '0', 144);
INSERT INTO public.tournament_meta (key, value, tournament_id) VALUES ('round_1_advance_count', '2', 144);
INSERT INTO public.tournament_meta (key, value, tournament_id) VALUES ('round_1_game_count', '2', 144);
INSERT INTO public.tournament_meta (key, value, tournament_id) VALUES ('round_1_game_type', 'hanchan', 144);
INSERT INTO public.tournament_meta (key, value, tournament_id) VALUES ('event_type', 'petit', 148);
INSERT INTO public.tournament_meta (key, value, tournament_id) VALUES ('player_mode', '4', 148);
INSERT INTO public.tournament_meta (key, value, tournament_id) VALUES ('round_type', 'hanchan', 148);
INSERT INTO public.tournament_meta (key, value, tournament_id) VALUES ('thinking_time', '5+20', 148);
INSERT INTO public.tournament_meta (key, value, tournament_id) VALUES ('starting_points', '25000', 148);
INSERT INTO public.tournament_meta (key, value, tournament_id) VALUES ('return_points', '30000', 148);
INSERT INTO public.tournament_meta (key, value, tournament_id) VALUES ('red_dora', '3', 148);
INSERT INTO public.tournament_meta (key, value, tournament_id) VALUES ('open_tanyao', '1', 148);
INSERT INTO public.tournament_meta (key, value, tournament_id) VALUES ('han_restriction', '1', 148);
INSERT INTO public.tournament_meta (key, value, tournament_id) VALUES ('bust', '0', 148);
INSERT INTO public.tournament_meta (key, value, tournament_id) VALUES ('event_type', 'saikyoi', 268);
INSERT INTO public.tournament_meta (key, value, tournament_id) VALUES ('player_mode', '4', 268);
INSERT INTO public.tournament_meta (key, value, tournament_id) VALUES ('round_type', 'hanchan', 268);
INSERT INTO public.tournament_meta (key, value, tournament_id) VALUES ('thinking_time', '5+20', 268);
INSERT INTO public.tournament_meta (key, value, tournament_id) VALUES ('starting_points', '25000', 268);
INSERT INTO public.tournament_meta (key, value, tournament_id) VALUES ('return_points', '30000', 268);
INSERT INTO public.tournament_meta (key, value, tournament_id) VALUES ('red_dora', '3', 268);
INSERT INTO public.tournament_meta (key, value, tournament_id) VALUES ('open_tanyao', '1', 268);
INSERT INTO public.tournament_meta (key, value, tournament_id) VALUES ('round_1_is_final', '0', 148);
INSERT INTO public.tournament_meta (key, value, tournament_id) VALUES ('round_1_advance_count', '2', 148);
INSERT INTO public.tournament_meta (key, value, tournament_id) VALUES ('round_1_game_count', '2', 148);
INSERT INTO public.tournament_meta (key, value, tournament_id) VALUES ('round_1_game_type', 'hanchan', 148);
INSERT INTO public.tournament_meta (key, value, tournament_id) VALUES ('han_restriction', '1', 268);
INSERT INTO public.tournament_meta (key, value, tournament_id) VALUES ('bust', '0', 268);
INSERT INTO public.tournament_meta (key, value, tournament_id) VALUES ('round_1_is_final', '0', 268);
INSERT INTO public.tournament_meta (key, value, tournament_id) VALUES ('round_1_advance_count', '2', 268);
INSERT INTO public.tournament_meta (key, value, tournament_id) VALUES ('round_1_advance_mode', 'overall', 268);
INSERT INTO public.tournament_meta (key, value, tournament_id) VALUES ('round_1_game_count', '2', 268);
INSERT INTO public.tournament_meta (key, value, tournament_id) VALUES ('round_1_game_type', 'hanchan', 268);
INSERT INTO public.tournament_meta (key, value, tournament_id) VALUES ('event_type', 'saikyoi', 269);
INSERT INTO public.tournament_meta (key, value, tournament_id) VALUES ('player_mode', '4', 269);
INSERT INTO public.tournament_meta (key, value, tournament_id) VALUES ('round_type', 'hanchan', 269);
INSERT INTO public.tournament_meta (key, value, tournament_id) VALUES ('thinking_time', '5+20', 269);
INSERT INTO public.tournament_meta (key, value, tournament_id) VALUES ('starting_points', '25000', 269);
INSERT INTO public.tournament_meta (key, value, tournament_id) VALUES ('return_points', '30000', 269);
INSERT INTO public.tournament_meta (key, value, tournament_id) VALUES ('red_dora', '3', 269);
INSERT INTO public.tournament_meta (key, value, tournament_id) VALUES ('open_tanyao', '1', 269);
INSERT INTO public.tournament_meta (key, value, tournament_id) VALUES ('han_restriction', '1', 269);
INSERT INTO public.tournament_meta (key, value, tournament_id) VALUES ('bust', '0', 269);
INSERT INTO public.tournament_meta (key, value, tournament_id) VALUES ('round_1_is_final', '0', 269);
INSERT INTO public.tournament_meta (key, value, tournament_id) VALUES ('round_1_advance_count', '2', 269);
INSERT INTO public.tournament_meta (key, value, tournament_id) VALUES ('round_1_advance_mode', 'overall', 269);
INSERT INTO public.tournament_meta (key, value, tournament_id) VALUES ('round_1_game_count', '2', 269);
INSERT INTO public.tournament_meta (key, value, tournament_id) VALUES ('round_1_game_type', 'hanchan', 269);
INSERT INTO public.tournament_meta (key, value, tournament_id) VALUES ('round_2_is_final', '0', 148);
INSERT INTO public.tournament_meta (key, value, tournament_id) VALUES ('round_2_advance_count', '2', 148);
INSERT INTO public.tournament_meta (key, value, tournament_id) VALUES ('round_2_game_count', '2', 148);
INSERT INTO public.tournament_meta (key, value, tournament_id) VALUES ('round_2_game_type', 'hanchan', 148);
INSERT INTO public.tournament_meta (key, value, tournament_id) VALUES ('round_3_is_final', '1', 148);
INSERT INTO public.tournament_meta (key, value, tournament_id) VALUES ('round_3_advance_count', '2', 148);
INSERT INTO public.tournament_meta (key, value, tournament_id) VALUES ('round_3_game_count', '2', 148);
INSERT INTO public.tournament_meta (key, value, tournament_id) VALUES ('round_3_game_type', 'hanchan', 148);
INSERT INTO public.tournament_meta (key, value, tournament_id) VALUES ('event_type', 'petit', 168);
INSERT INTO public.tournament_meta (key, value, tournament_id) VALUES ('player_mode', '4', 168);
INSERT INTO public.tournament_meta (key, value, tournament_id) VALUES ('round_type', 'hanchan', 168);
INSERT INTO public.tournament_meta (key, value, tournament_id) VALUES ('thinking_time', '5+20', 168);
INSERT INTO public.tournament_meta (key, value, tournament_id) VALUES ('starting_points', '25000', 168);
INSERT INTO public.tournament_meta (key, value, tournament_id) VALUES ('return_points', '30000', 168);
INSERT INTO public.tournament_meta (key, value, tournament_id) VALUES ('red_dora', '3', 168);
INSERT INTO public.tournament_meta (key, value, tournament_id) VALUES ('open_tanyao', '1', 168);
INSERT INTO public.tournament_meta (key, value, tournament_id) VALUES ('han_restriction', '1', 168);
INSERT INTO public.tournament_meta (key, value, tournament_id) VALUES ('bust', '0', 168);
INSERT INTO public.tournament_meta (key, value, tournament_id) VALUES ('round_1_is_final', '0', 168);
INSERT INTO public.tournament_meta (key, value, tournament_id) VALUES ('round_1_advance_count', '2', 168);
INSERT INTO public.tournament_meta (key, value, tournament_id) VALUES ('round_1_game_count', '2', 168);
INSERT INTO public.tournament_meta (key, value, tournament_id) VALUES ('round_1_game_type', 'hanchan', 168);


--
-- Name: characters_id_seq; Type: SEQUENCE SET; Schema: public; Owner: -
--

SELECT pg_catalog.setval('public.characters_id_seq', 19, true);


--
-- Name: interviews_id_seq; Type: SEQUENCE SET; Schema: public; Owner: -
--

SELECT pg_catalog.setval('public.interviews_id_seq', 62, true);


--
-- Name: players_id_seq; Type: SEQUENCE SET; Schema: public; Owner: -
--

SELECT pg_catalog.setval('public.players_id_seq', 263, true);


--
-- Name: round_results_id_seq; Type: SEQUENCE SET; Schema: public; Owner: -
--

SELECT pg_catalog.setval('public.round_results_id_seq', 506, true);


--
-- Name: table_paifu_urls_id_seq; Type: SEQUENCE SET; Schema: public; Owner: -
--

SELECT pg_catalog.setval('public.table_paifu_urls_id_seq', 83, true);


--
-- Name: table_players_id_seq; Type: SEQUENCE SET; Schema: public; Owner: -
--

SELECT pg_catalog.setval('public.table_players_id_seq', 2955, true);


--
-- Name: tables_info_id_seq; Type: SEQUENCE SET; Schema: public; Owner: -
--

SELECT pg_catalog.setval('public.tables_info_id_seq', 803, true);


--
-- Name: tournaments_id_seq; Type: SEQUENCE SET; Schema: public; Owner: -
--

SELECT pg_catalog.setval('public.tournaments_id_seq', 515, true);


--
-- PostgreSQL database dump complete
--


